1,F0695/MID3/P07238_face1.jpg,F0695/MID4/P07242_face3.jpg
0,F0695/MID3/P07238_face1.jpg,F0652/MID4/P03823_face1.jpg
1,F0695/MID3/P07238_face1.jpg,F0695/MID4/P07239_face3.jpg
0,F0695/MID3/P07238_face1.jpg,F0295/MID5/P03142_face2.jpg
1,F0695/MID3/P07238_face1.jpg,F0695/MID4/P07243_face2.jpg
0,F0695/MID3/P07238_face1.jpg,F0473/MID2/P04984_face2.jpg
1,F0695/MID3/P07238_face1.jpg,F0695/MID5/P07239_face2.jpg
0,F0695/MID3/P07238_face1.jpg,F0198/MID3/P02126_face2.jpg
1,F0695/MID3/P07238_face1.jpg,F0695/MID5/P07244_face1.jpg
0,F0695/MID3/P07238_face1.jpg,F0408/MID1/P04294_face2.jpg
1,F0695/MID3/P07238_face1.jpg,F0695/MID5/P07241_face1.jpg
0,F0695/MID3/P07238_face1.jpg,F0834/MID3/P08813_face2.jpg
1,F0695/MID3/P07238_face1.jpg,F0695/MID5/P07240_face1.jpg
0,F0695/MID3/P07238_face1.jpg,F0703/MID3/P07343_face1.jpg
1,F0695/MID3/P07238_face1.jpg,F0695/MID5/P07242_face1.jpg
0,F0695/MID3/P07238_face1.jpg,F0798/MID2/P08445_face2.jpg
1,F0695/MID3/P07238_face1.jpg,F0695/MID5/P07245_face1.jpg
0,F0695/MID3/P07238_face1.jpg,F0296/MID5/P03154_face1.jpg
1,F0343/MID1/P03649_face2.jpg,F0343/MID4/P03656_face3.jpg
0,F0343/MID1/P03649_face2.jpg,F0977/MID6/P10301_face1.jpg
1,F0343/MID1/P03649_face2.jpg,F0343/MID4/P03654_face2.jpg
0,F0343/MID1/P03649_face2.jpg,F0198/MID1/P02129_face4.jpg
1,F0343/MID1/P03656_face1.jpg,F0343/MID4/P03656_face3.jpg
0,F0343/MID1/P03656_face1.jpg,F0713/MID3/P07472_face1.jpg
1,F0343/MID1/P03656_face1.jpg,F0343/MID4/P03654_face2.jpg
0,F0343/MID1/P03656_face1.jpg,F0254/MID1/P02692_face2.jpg
1,F0343/MID1/P03652_face2.jpg,F0343/MID4/P03656_face3.jpg
0,F0343/MID1/P03652_face2.jpg,F0680/MID5/P07101_face1.jpg
1,F0343/MID1/P03652_face2.jpg,F0343/MID4/P03654_face2.jpg
0,F0343/MID1/P03652_face2.jpg,F0898/MID2/P09474_face2.jpg
1,F0343/MID1/P03651_face1.jpg,F0343/MID4/P03656_face3.jpg
0,F0343/MID1/P03651_face1.jpg,F0961/MID7/P10126_face5.jpg
1,F0343/MID1/P03651_face1.jpg,F0343/MID4/P03654_face2.jpg
0,F0343/MID1/P03651_face1.jpg,F0787/MID2/P08305_face1.jpg
1,F0343/MID1/P03653_face2.jpg,F0343/MID4/P03656_face3.jpg
0,F0343/MID1/P03653_face2.jpg,F0506/MID6/P05343_face4.jpg
1,F0343/MID1/P03653_face2.jpg,F0343/MID4/P03654_face2.jpg
0,F0343/MID1/P03653_face2.jpg,F0199/MID3/P02136_face3.jpg
1,F0343/MID1/P03654_face1.jpg,F0343/MID4/P03656_face3.jpg
0,F0343/MID1/P03654_face1.jpg,F0930/MID6/P09809_face2.jpg
1,F0343/MID1/P03654_face1.jpg,F0343/MID4/P03654_face2.jpg
0,F0343/MID1/P03654_face1.jpg,F0814/MID6/P08605_face4.jpg
1,F0823/MID1/P08703_face3.jpg,F0823/MID6/P08706_face2.jpg
0,F0823/MID1/P08703_face3.jpg,F0959/MID4/P10108_face3.jpg
1,F0823/MID1/P08703_face3.jpg,F0823/MID6/P08702_face1.jpg
0,F0823/MID1/P08703_face3.jpg,F0684/MID3/P07146_face2.jpg
1,F0823/MID1/P08707_face2.jpg,F0823/MID6/P08706_face2.jpg
0,F0823/MID1/P08707_face2.jpg,F0152/MID6/P01636_face1.jpg
1,F0823/MID1/P08707_face2.jpg,F0823/MID6/P08702_face1.jpg
0,F0823/MID1/P08707_face2.jpg,F0118/MID2/P10861_face1.jpg
1,F0823/MID1/P08704_face7.jpg,F0823/MID6/P08706_face2.jpg
0,F0823/MID1/P08704_face7.jpg,F0626/MID2/P06570_face2.jpg
1,F0823/MID1/P08704_face7.jpg,F0823/MID6/P08702_face1.jpg
0,F0823/MID1/P08704_face7.jpg,F0017/MID5/P00166_face1.jpg
1,F0823/MID1/P08705_face1.jpg,F0823/MID6/P08706_face2.jpg
0,F0823/MID1/P08705_face1.jpg,F0903/MID4/P09540_face3.jpg
1,F0823/MID1/P08705_face1.jpg,F0823/MID6/P08702_face1.jpg
0,F0823/MID1/P08705_face1.jpg,F0836/MID7/P08836_face4.jpg
1,F0823/MID1/P08708_face2.jpg,F0823/MID6/P08706_face2.jpg
0,F0823/MID1/P08708_face2.jpg,F0536/MID4/P05634_face1.jpg
1,F0823/MID1/P08708_face2.jpg,F0823/MID6/P08702_face1.jpg
0,F0823/MID1/P08708_face2.jpg,F0768/MID4/P08113_face1.jpg
1,F0823/MID1/P08701_face4.jpg,F0823/MID6/P08706_face2.jpg
0,F0823/MID1/P08701_face4.jpg,F0545/MID6/P11085_face2.jpg
1,F0823/MID1/P08701_face4.jpg,F0823/MID6/P08702_face1.jpg
0,F0823/MID1/P08701_face4.jpg,F0455/MID4/P04804_face1.jpg
1,F0823/MID1/P08703_face3.jpg,F0823/MID8/P08706_face3.jpg
0,F0823/MID1/P08703_face3.jpg,F0403/MID3/P04244_face1.jpg
1,F0823/MID1/P08707_face2.jpg,F0823/MID8/P08706_face3.jpg
0,F0823/MID1/P08707_face2.jpg,F0214/MID2/P02273_face4.jpg
1,F0823/MID1/P08704_face7.jpg,F0823/MID8/P08706_face3.jpg
0,F0823/MID1/P08704_face7.jpg,F0852/MID1/P09000_face2.jpg
1,F0823/MID1/P08705_face1.jpg,F0823/MID8/P08706_face3.jpg
0,F0823/MID1/P08705_face1.jpg,F0401/MID3/P04226_face3.jpg
1,F0823/MID1/P08708_face2.jpg,F0823/MID8/P08706_face3.jpg
0,F0823/MID1/P08708_face2.jpg,F0737/MID1/P07721_face1.jpg
1,F0823/MID1/P08701_face4.jpg,F0823/MID8/P08706_face3.jpg
0,F0823/MID1/P08701_face4.jpg,F0243/MID4/P02570_face2.jpg
1,F0511/MID1/P05393_face3.jpg,F0511/MID2/P05393_face1.jpg
0,F0511/MID1/P05393_face3.jpg,F0877/MID3/P09257_face2.jpg
1,F0511/MID1/P05393_face3.jpg,F0511/MID2/P05396_face3.jpg
0,F0511/MID1/P05393_face3.jpg,F0016/MID4/P09375_face1.jpg
1,F0511/MID1/P05393_face3.jpg,F0511/MID2/P05392_face2.jpg
0,F0511/MID1/P05393_face3.jpg,F0422/MID10/P04450_face2.jpg
1,F0511/MID1/P05393_face3.jpg,F0511/MID2/P05395_face2.jpg
0,F0511/MID1/P05393_face3.jpg,F0748/MID3/P07840_face1.jpg
1,F0511/MID1/P05393_face3.jpg,F0511/MID2/P05391_face1.jpg
0,F0511/MID1/P05393_face3.jpg,F0735/MID2/P07707_face2.jpg
1,F0511/MID1/P05393_face3.jpg,F0511/MID2/P05394_face2.jpg
0,F0511/MID1/P05393_face3.jpg,F0980/MID3/P10324_face3.jpg
1,F0511/MID1/P05395_face3.jpg,F0511/MID2/P05393_face1.jpg
0,F0511/MID1/P05395_face3.jpg,F0211/MID5/P02244_face1.jpg
1,F0511/MID1/P05395_face3.jpg,F0511/MID2/P05396_face3.jpg
0,F0511/MID1/P05395_face3.jpg,F0084/MID3/P00870_face2.jpg
1,F0511/MID1/P05395_face3.jpg,F0511/MID2/P05392_face2.jpg
0,F0511/MID1/P05395_face3.jpg,F0414/MID10/P11241_face2.jpg
1,F0511/MID1/P05395_face3.jpg,F0511/MID2/P05395_face2.jpg
0,F0511/MID1/P05395_face3.jpg,F0959/MID3/P10101_face3.jpg
1,F0511/MID1/P05395_face3.jpg,F0511/MID2/P05391_face1.jpg
0,F0511/MID1/P05395_face3.jpg,F0052/MID3/P00513_face3.jpg
1,F0511/MID1/P05395_face3.jpg,F0511/MID2/P05394_face2.jpg
0,F0511/MID1/P05395_face3.jpg,F0615/MID1/P06452_face1.jpg
1,F0511/MID1/P05391_face2.jpg,F0511/MID2/P05393_face1.jpg
0,F0511/MID1/P05391_face2.jpg,F0693/MID4/P07220_face3.jpg
1,F0511/MID1/P05391_face2.jpg,F0511/MID2/P05396_face3.jpg
0,F0511/MID1/P05391_face2.jpg,F0652/MID1/P03816_face1.jpg
1,F0511/MID1/P05391_face2.jpg,F0511/MID2/P05392_face2.jpg
0,F0511/MID1/P05391_face2.jpg,F0953/MID1/P10043_face1.jpg
1,F0511/MID1/P05391_face2.jpg,F0511/MID2/P05395_face2.jpg
0,F0511/MID1/P05391_face2.jpg,F0926/MID4/P09767_face2.jpg
1,F0511/MID1/P05391_face2.jpg,F0511/MID2/P05391_face1.jpg
0,F0511/MID1/P05391_face2.jpg,F0609/MID2/P06404_face2.jpg
1,F0511/MID1/P05391_face2.jpg,F0511/MID2/P05394_face2.jpg
0,F0511/MID1/P05391_face2.jpg,F0510/MID2/P05388_face1.jpg
1,F0511/MID1/P05394_face3.jpg,F0511/MID2/P05393_face1.jpg
0,F0511/MID1/P05394_face3.jpg,F0862/MID4/P09110_face2.jpg
1,F0511/MID1/P05394_face3.jpg,F0511/MID2/P05396_face3.jpg
0,F0511/MID1/P05394_face3.jpg,F0383/MID3/P04072_face1.jpg
1,F0511/MID1/P05394_face3.jpg,F0511/MID2/P05392_face2.jpg
0,F0511/MID1/P05394_face3.jpg,F0137/MID3/P01444_face2.jpg
1,F0511/MID1/P05394_face3.jpg,F0511/MID2/P05395_face2.jpg
0,F0511/MID1/P05394_face3.jpg,F0302/MID4/P03221_face2.jpg
1,F0511/MID1/P05394_face3.jpg,F0511/MID2/P05391_face1.jpg
0,F0511/MID1/P05394_face3.jpg,F0038/MID1/P00403_face1.jpg
1,F0511/MID1/P05394_face3.jpg,F0511/MID2/P05394_face2.jpg
0,F0511/MID1/P05394_face3.jpg,F0192/MID1/P02067_face2.jpg
1,F0511/MID1/P05392_face3.jpg,F0511/MID2/P05393_face1.jpg
0,F0511/MID1/P05392_face3.jpg,F0154/MID3/P01653_face4.jpg
1,F0511/MID1/P05392_face3.jpg,F0511/MID2/P05396_face3.jpg
0,F0511/MID1/P05392_face3.jpg,F0405/MID3/P04266_face1.jpg
1,F0511/MID1/P05392_face3.jpg,F0511/MID2/P05392_face2.jpg
0,F0511/MID1/P05392_face3.jpg,F0892/MID1/P09414_face2.jpg
1,F0511/MID1/P05392_face3.jpg,F0511/MID2/P05395_face2.jpg
0,F0511/MID1/P05392_face3.jpg,F0308/MID2/P03281_face2.jpg
1,F0511/MID1/P05392_face3.jpg,F0511/MID2/P05391_face1.jpg
0,F0511/MID1/P05392_face3.jpg,F0363/MID2/P03846_face1.jpg
1,F0511/MID1/P05392_face3.jpg,F0511/MID2/P05394_face2.jpg
0,F0511/MID1/P05392_face3.jpg,F0266/MID2/P02825_face2.jpg
1,F0511/MID1/P05396_face2.jpg,F0511/MID2/P05393_face1.jpg
0,F0511/MID1/P05396_face2.jpg,F0823/MID2/P08707_face1.jpg
1,F0511/MID1/P05396_face2.jpg,F0511/MID2/P05396_face3.jpg
0,F0511/MID1/P05396_face2.jpg,F0019/MID2/P00198_face1.jpg
1,F0511/MID1/P05396_face2.jpg,F0511/MID2/P05392_face2.jpg
0,F0511/MID1/P05396_face2.jpg,F0778/MID3/P08216_face2.jpg
1,F0511/MID1/P05396_face2.jpg,F0511/MID2/P05395_face2.jpg
0,F0511/MID1/P05396_face2.jpg,F0581/MID5/P06107_face6.jpg
1,F0511/MID1/P05396_face2.jpg,F0511/MID2/P05391_face1.jpg
0,F0511/MID1/P05396_face2.jpg,F0686/MID3/P07172_face3.jpg
1,F0511/MID1/P05396_face2.jpg,F0511/MID2/P05394_face2.jpg
0,F0511/MID1/P05396_face2.jpg,F0320/MID1/P03393_face2.jpg
1,F0563/MID1/P05916_face1.jpg,F0563/MID2/P05921_face2.jpg
0,F0563/MID1/P05916_face1.jpg,F0931/MID2/P09815_face3.jpg
1,F0563/MID1/P05916_face1.jpg,F0563/MID2/P05925_face2.jpg
0,F0563/MID1/P05916_face1.jpg,F0903/MID3/P09540_face2.jpg
1,F0563/MID1/P05916_face1.jpg,F0563/MID2/P05917_face1.jpg
0,F0563/MID1/P05916_face1.jpg,F0955/MID4/P10062_face1.jpg
1,F0563/MID1/P05916_face1.jpg,F0563/MID2/P05915_face4.jpg
0,F0563/MID1/P05916_face1.jpg,F0864/MID1/P09127_face1.jpg
1,F0563/MID1/P05916_face1.jpg,F0563/MID2/P05912_face3.jpg
0,F0563/MID1/P05916_face1.jpg,F0327/MID5/P03465_face3.jpg
1,F0563/MID1/P05916_face1.jpg,F0563/MID2/P05914_face1.jpg
0,F0563/MID1/P05916_face1.jpg,F0264/MID8/P02811_face1.jpg
1,F0563/MID1/P05916_face1.jpg,F0563/MID2/P05911_face2.jpg
0,F0563/MID1/P05916_face1.jpg,F0517/MID1/P05448_face1.jpg
1,F0563/MID1/P05916_face1.jpg,F0563/MID2/P05913_face3.jpg
0,F0563/MID1/P05916_face1.jpg,F0790/MID6/P11157_face1.jpg
1,F0563/MID1/P05916_face1.jpg,F0563/MID2/P05918_face1.jpg
0,F0563/MID1/P05916_face1.jpg,F0209/MID1/P02234_face1.jpg
1,F0563/MID1/P05916_face1.jpg,F0563/MID2/P05916_face2.jpg
0,F0563/MID1/P05916_face1.jpg,F0638/MID4/P06707_face5.jpg
1,F0563/MID1/P05916_face1.jpg,F0563/MID2/P05924_face2.jpg
0,F0563/MID1/P05916_face1.jpg,F0333/MID4/P03530_face1.jpg
1,F0563/MID1/P05915_face3.jpg,F0563/MID2/P05921_face2.jpg
0,F0563/MID1/P05915_face3.jpg,F0124/MID1/P08626_face2.jpg
1,F0563/MID1/P05915_face3.jpg,F0563/MID2/P05925_face2.jpg
0,F0563/MID1/P05915_face3.jpg,F0249/MID7/P02637_face2.jpg
1,F0563/MID1/P05915_face3.jpg,F0563/MID2/P05917_face1.jpg
0,F0563/MID1/P05915_face3.jpg,F0401/MID6/P04228_face1.jpg
1,F0563/MID1/P05915_face3.jpg,F0563/MID2/P05915_face4.jpg
0,F0563/MID1/P05915_face3.jpg,F0377/MID6/P04003_face2.jpg
1,F0563/MID1/P05915_face3.jpg,F0563/MID2/P05912_face3.jpg
0,F0563/MID1/P05915_face3.jpg,F0452/MID2/P04774_face2.jpg
1,F0563/MID1/P05915_face3.jpg,F0563/MID2/P05914_face1.jpg
0,F0563/MID1/P05915_face3.jpg,F0475/MID4/P11787_face1.jpg
1,F0563/MID1/P05915_face3.jpg,F0563/MID2/P05911_face2.jpg
0,F0563/MID1/P05915_face3.jpg,F0652/MID2/P11005_face2.jpg
1,F0563/MID1/P05915_face3.jpg,F0563/MID2/P05913_face3.jpg
0,F0563/MID1/P05915_face3.jpg,F0203/MID6/P02185_face1.jpg
1,F0563/MID1/P05915_face3.jpg,F0563/MID2/P05918_face1.jpg
0,F0563/MID1/P05915_face3.jpg,F0230/MID4/P02451_face3.jpg
1,F0563/MID1/P05915_face3.jpg,F0563/MID2/P05916_face2.jpg
0,F0563/MID1/P05915_face3.jpg,F0721/MID6/P07568_face1.jpg
1,F0563/MID1/P05915_face3.jpg,F0563/MID2/P05924_face2.jpg
0,F0563/MID1/P05915_face3.jpg,F0498/MID2/P05270_face1.jpg
1,F0563/MID1/P05926_face1.jpg,F0563/MID2/P05921_face2.jpg
0,F0563/MID1/P05926_face1.jpg,F0138/MID1/P01458_face1.jpg
1,F0563/MID1/P05926_face1.jpg,F0563/MID2/P05925_face2.jpg
0,F0563/MID1/P05926_face1.jpg,F0466/MID1/P04914_face3.jpg
1,F0563/MID1/P05926_face1.jpg,F0563/MID2/P05917_face1.jpg
0,F0563/MID1/P05926_face1.jpg,F0968/MID3/P10195_face3.jpg
1,F0563/MID1/P05926_face1.jpg,F0563/MID2/P05915_face4.jpg
0,F0563/MID1/P05926_face1.jpg,F0811/MID2/P08579_face5.jpg
1,F0563/MID1/P05926_face1.jpg,F0563/MID2/P05912_face3.jpg
0,F0563/MID1/P05926_face1.jpg,F0887/MID5/P09356_face3.jpg
1,F0563/MID1/P05926_face1.jpg,F0563/MID2/P05914_face1.jpg
0,F0563/MID1/P05926_face1.jpg,F0509/MID1/P05378_face2.jpg
1,F0563/MID1/P05926_face1.jpg,F0563/MID2/P05911_face2.jpg
0,F0563/MID1/P05926_face1.jpg,F0790/MID2/P11153_face4.jpg
1,F0563/MID1/P05926_face1.jpg,F0563/MID2/P05913_face3.jpg
0,F0563/MID1/P05926_face1.jpg,F0900/MID1/P09509_face1.jpg
1,F0563/MID1/P05926_face1.jpg,F0563/MID2/P05918_face1.jpg
0,F0563/MID1/P05926_face1.jpg,F0021/MID1/P00214_face3.jpg
1,F0563/MID1/P05926_face1.jpg,F0563/MID2/P05916_face2.jpg
0,F0563/MID1/P05926_face1.jpg,F0191/MID3/P02052_face3.jpg
1,F0563/MID1/P05926_face1.jpg,F0563/MID2/P05924_face2.jpg
0,F0563/MID1/P05926_face1.jpg,F0468/MID2/P04933_face1.jpg
1,F0563/MID1/P05919_face1.jpg,F0563/MID2/P05921_face2.jpg
0,F0563/MID1/P05919_face1.jpg,F0661/MID2/P06927_face1.jpg
1,F0563/MID1/P05919_face1.jpg,F0563/MID2/P05925_face2.jpg
0,F0563/MID1/P05919_face1.jpg,F0787/MID2/P08305_face1.jpg
1,F0563/MID1/P05919_face1.jpg,F0563/MID2/P05917_face1.jpg
0,F0563/MID1/P05919_face1.jpg,F0311/MID8/P08822_face1.jpg
1,F0563/MID1/P05919_face1.jpg,F0563/MID2/P05915_face4.jpg
0,F0563/MID1/P05919_face1.jpg,F0412/MID1/P04336_face3.jpg
1,F0563/MID1/P05919_face1.jpg,F0563/MID2/P05912_face3.jpg
0,F0563/MID1/P05919_face1.jpg,F0547/MID4/P05741_face4.jpg
1,F0563/MID1/P05919_face1.jpg,F0563/MID2/P05914_face1.jpg
0,F0563/MID1/P05919_face1.jpg,F0380/MID4/P04023_face2.jpg
1,F0563/MID1/P05919_face1.jpg,F0563/MID2/P05911_face2.jpg
0,F0563/MID1/P05919_face1.jpg,F0557/MID4/P05855_face3.jpg
1,F0563/MID1/P05919_face1.jpg,F0563/MID2/P05913_face3.jpg
0,F0563/MID1/P05919_face1.jpg,F0837/MID7/P08842_face2.jpg
1,F0563/MID1/P05919_face1.jpg,F0563/MID2/P05918_face1.jpg
0,F0563/MID1/P05919_face1.jpg,F0849/MID1/P08972_face1.jpg
1,F0563/MID1/P05919_face1.jpg,F0563/MID2/P05916_face2.jpg
0,F0563/MID1/P05919_face1.jpg,F0729/MID6/P11062_face4.jpg
1,F0563/MID1/P05919_face1.jpg,F0563/MID2/P05924_face2.jpg
0,F0563/MID1/P05919_face1.jpg,F0613/MID5/P06444_face1.jpg
1,F0563/MID1/P05912_face1.jpg,F0563/MID2/P05921_face2.jpg
0,F0563/MID1/P05912_face1.jpg,F0742/MID1/P07779_face1.jpg
1,F0563/MID1/P05912_face1.jpg,F0563/MID2/P05925_face2.jpg
0,F0563/MID1/P05912_face1.jpg,F0138/MID3/P01455_face1.jpg
1,F0563/MID1/P05912_face1.jpg,F0563/MID2/P05917_face1.jpg
0,F0563/MID1/P05912_face1.jpg,F0703/MID10/P07352_face3.jpg
1,F0563/MID1/P05912_face1.jpg,F0563/MID2/P05915_face4.jpg
0,F0563/MID1/P05912_face1.jpg,F0012/MID4/P00123_face2.jpg
1,F0563/MID1/P05912_face1.jpg,F0563/MID2/P05912_face3.jpg
0,F0563/MID1/P05912_face1.jpg,F0490/MID7/P05166_face3.jpg
1,F0563/MID1/P05912_face1.jpg,F0563/MID2/P05914_face1.jpg
0,F0563/MID1/P05912_face1.jpg,F0319/MID1/P03392_face1.jpg
1,F0563/MID1/P05912_face1.jpg,F0563/MID2/P05911_face2.jpg
0,F0563/MID1/P05912_face1.jpg,F0092/MID3/P00944_face2.jpg
1,F0563/MID1/P05912_face1.jpg,F0563/MID2/P05913_face3.jpg
0,F0563/MID1/P05912_face1.jpg,F0391/MID1/P11443_face1.jpg
1,F0563/MID1/P05912_face1.jpg,F0563/MID2/P05918_face1.jpg
0,F0563/MID1/P05912_face1.jpg,F0635/MID1/P06669_face2.jpg
1,F0563/MID1/P05912_face1.jpg,F0563/MID2/P05916_face2.jpg
0,F0563/MID1/P05912_face1.jpg,F0607/MID3/P06388_face2.jpg
1,F0563/MID1/P05912_face1.jpg,F0563/MID2/P05924_face2.jpg
0,F0563/MID1/P05912_face1.jpg,F0018/MID3/P00184_face1.jpg
1,F0563/MID1/P05913_face2.jpg,F0563/MID2/P05921_face2.jpg
0,F0563/MID1/P05913_face2.jpg,F0755/MID2/P07975_face1.jpg
1,F0563/MID1/P05913_face2.jpg,F0563/MID2/P05925_face2.jpg
0,F0563/MID1/P05913_face2.jpg,F0027/MID1/P00279_face1.jpg
1,F0563/MID1/P05913_face2.jpg,F0563/MID2/P05917_face1.jpg
0,F0563/MID1/P05913_face2.jpg,F0933/MID3/P09840_face2.jpg
1,F0563/MID1/P05913_face2.jpg,F0563/MID2/P05915_face4.jpg
0,F0563/MID1/P05913_face2.jpg,F0195/MID3/P02102_face1.jpg
1,F0563/MID1/P05913_face2.jpg,F0563/MID2/P05912_face3.jpg
0,F0563/MID1/P05913_face2.jpg,F0163/MID1/P01741_face3.jpg
1,F0563/MID1/P05913_face2.jpg,F0563/MID2/P05914_face1.jpg
0,F0563/MID1/P05913_face2.jpg,F0018/MID3/P00184_face1.jpg
1,F0563/MID1/P05913_face2.jpg,F0563/MID2/P05911_face2.jpg
0,F0563/MID1/P05913_face2.jpg,F0829/MID2/P08770_face6.jpg
1,F0563/MID1/P05913_face2.jpg,F0563/MID2/P05913_face3.jpg
0,F0563/MID1/P05913_face2.jpg,F0042/MID5/P11328_face1.jpg
1,F0563/MID1/P05913_face2.jpg,F0563/MID2/P05918_face1.jpg
0,F0563/MID1/P05913_face2.jpg,F0792/MID1/P08343_face1.jpg
1,F0563/MID1/P05913_face2.jpg,F0563/MID2/P05916_face2.jpg
0,F0563/MID1/P05913_face2.jpg,F0913/MID2/P09635_face2.jpg
1,F0563/MID1/P05913_face2.jpg,F0563/MID2/P05924_face2.jpg
0,F0563/MID1/P05913_face2.jpg,F0941/MID2/P09917_face1.jpg
1,F0563/MID1/P05914_face3.jpg,F0563/MID2/P05921_face2.jpg
0,F0563/MID1/P05914_face3.jpg,F0585/MID3/P06157_face1.jpg
1,F0563/MID1/P05914_face3.jpg,F0563/MID2/P05925_face2.jpg
0,F0563/MID1/P05914_face3.jpg,F0036/MID1/P00381_face2.jpg
1,F0563/MID1/P05914_face3.jpg,F0563/MID2/P05917_face1.jpg
0,F0563/MID1/P05914_face3.jpg,F0506/MID6/P05348_face3.jpg
1,F0563/MID1/P05914_face3.jpg,F0563/MID2/P05915_face4.jpg
0,F0563/MID1/P05914_face3.jpg,F0717/MID2/P07516_face1.jpg
1,F0563/MID1/P05914_face3.jpg,F0563/MID2/P05912_face3.jpg
0,F0563/MID1/P05914_face3.jpg,F0233/MID4/P02471_face4.jpg
1,F0563/MID1/P05914_face3.jpg,F0563/MID2/P05914_face1.jpg
0,F0563/MID1/P05914_face3.jpg,F0015/MID4/P00159_face3.jpg
1,F0563/MID1/P05914_face3.jpg,F0563/MID2/P05911_face2.jpg
0,F0563/MID1/P05914_face3.jpg,F0195/MID2/P02099_face1.jpg
1,F0563/MID1/P05914_face3.jpg,F0563/MID2/P05913_face3.jpg
0,F0563/MID1/P05914_face3.jpg,F0590/MID8/P12262_face2.jpg
1,F0563/MID1/P05914_face3.jpg,F0563/MID2/P05918_face1.jpg
0,F0563/MID1/P05914_face3.jpg,F0753/MID5/P07915_face3.jpg
1,F0563/MID1/P05914_face3.jpg,F0563/MID2/P05916_face2.jpg
0,F0563/MID1/P05914_face3.jpg,F0494/MID1/P05227_face4.jpg
1,F0563/MID1/P05914_face3.jpg,F0563/MID2/P05924_face2.jpg
0,F0563/MID1/P05914_face3.jpg,F0742/MID8/P07774_face2.jpg
1,F0563/MID1/P05917_face3.jpg,F0563/MID2/P05921_face2.jpg
0,F0563/MID1/P05917_face3.jpg,F0268/MID1/P02844_face1.jpg
1,F0563/MID1/P05917_face3.jpg,F0563/MID2/P05925_face2.jpg
0,F0563/MID1/P05917_face3.jpg,F0315/MID4/P03344_face1.jpg
1,F0563/MID1/P05917_face3.jpg,F0563/MID2/P05917_face1.jpg
0,F0563/MID1/P05917_face3.jpg,F0964/MID4/P10155_face3.jpg
1,F0563/MID1/P05917_face3.jpg,F0563/MID2/P05915_face4.jpg
0,F0563/MID1/P05917_face3.jpg,F0314/MID4/P03331_face2.jpg
1,F0563/MID1/P05917_face3.jpg,F0563/MID2/P05912_face3.jpg
0,F0563/MID1/P05917_face3.jpg,F0152/MID2/P01637_face1.jpg
1,F0563/MID1/P05917_face3.jpg,F0563/MID2/P05914_face1.jpg
0,F0563/MID1/P05917_face3.jpg,F0902/MID3/P09526_face2.jpg
1,F0563/MID1/P05917_face3.jpg,F0563/MID2/P05911_face2.jpg
0,F0563/MID1/P05917_face3.jpg,F0960/MID5/P10116_face1.jpg
1,F0563/MID1/P05917_face3.jpg,F0563/MID2/P05913_face3.jpg
0,F0563/MID1/P05917_face3.jpg,F0639/MID4/P06711_face5.jpg
1,F0563/MID1/P05917_face3.jpg,F0563/MID2/P05918_face1.jpg
0,F0563/MID1/P05917_face3.jpg,F0714/MID2/P07479_face2.jpg
1,F0563/MID1/P05917_face3.jpg,F0563/MID2/P05916_face2.jpg
0,F0563/MID1/P05917_face3.jpg,F0008/MID9/P00095_face2.jpg
1,F0563/MID1/P05917_face3.jpg,F0563/MID2/P05924_face2.jpg
0,F0563/MID1/P05917_face3.jpg,F0282/MID10/P03006_face1.jpg
1,F0563/MID1/P05924_face1.jpg,F0563/MID2/P05921_face2.jpg
0,F0563/MID1/P05924_face1.jpg,F0579/MID4/P06077_face3.jpg
1,F0563/MID1/P05924_face1.jpg,F0563/MID2/P05925_face2.jpg
0,F0563/MID1/P05924_face1.jpg,F0884/MID2/P09327_face1.jpg
1,F0563/MID1/P05924_face1.jpg,F0563/MID2/P05917_face1.jpg
0,F0563/MID1/P05924_face1.jpg,F0386/MID2/P04096_face1.jpg
1,F0563/MID1/P05924_face1.jpg,F0563/MID2/P05915_face4.jpg
0,F0563/MID1/P05924_face1.jpg,F0992/MID6/P10450_face4.jpg
1,F0563/MID1/P05924_face1.jpg,F0563/MID2/P05912_face3.jpg
0,F0563/MID1/P05924_face1.jpg,F0600/MID1/P10750_face1.jpg
1,F0563/MID1/P05924_face1.jpg,F0563/MID2/P05914_face1.jpg
0,F0563/MID1/P05924_face1.jpg,F0975/MID3/P10274_face1.jpg
1,F0563/MID1/P05924_face1.jpg,F0563/MID2/P05911_face2.jpg
0,F0563/MID1/P05924_face1.jpg,F0545/MID4/P11073_face4.jpg
1,F0563/MID1/P05924_face1.jpg,F0563/MID2/P05913_face3.jpg
0,F0563/MID1/P05924_face1.jpg,F0120/MID4/P01249_face1.jpg
1,F0563/MID1/P05924_face1.jpg,F0563/MID2/P05918_face1.jpg
0,F0563/MID1/P05924_face1.jpg,F0716/MID5/P07514_face1.jpg
1,F0563/MID1/P05924_face1.jpg,F0563/MID2/P05916_face2.jpg
0,F0563/MID1/P05924_face1.jpg,F0932/MID4/P09830_face1.jpg
1,F0563/MID1/P05924_face1.jpg,F0563/MID2/P05924_face2.jpg
0,F0563/MID1/P05924_face1.jpg,F0762/MID2/P08040_face1.jpg
1,F0563/MID1/P05923_face1.jpg,F0563/MID2/P05921_face2.jpg
0,F0563/MID1/P05923_face1.jpg,F0969/MID3/P10208_face3.jpg
1,F0563/MID1/P05923_face1.jpg,F0563/MID2/P05925_face2.jpg
0,F0563/MID1/P05923_face1.jpg,F0527/MID2/P05543_face3.jpg
1,F0563/MID1/P05923_face1.jpg,F0563/MID2/P05917_face1.jpg
0,F0563/MID1/P05923_face1.jpg,F0324/MID3/P03430_face1.jpg
1,F0563/MID1/P05923_face1.jpg,F0563/MID2/P05915_face4.jpg
0,F0563/MID1/P05923_face1.jpg,F0725/MID3/P07619_face2.jpg
1,F0563/MID1/P05923_face1.jpg,F0563/MID2/P05912_face3.jpg
0,F0563/MID1/P05923_face1.jpg,F0978/MID7/P10311_face1.jpg
1,F0563/MID1/P05923_face1.jpg,F0563/MID2/P05914_face1.jpg
0,F0563/MID1/P05923_face1.jpg,F0031/MID2/P00317_face1.jpg
1,F0563/MID1/P05923_face1.jpg,F0563/MID2/P05911_face2.jpg
0,F0563/MID1/P05923_face1.jpg,F0777/MID1/P08201_face2.jpg
1,F0563/MID1/P05923_face1.jpg,F0563/MID2/P05913_face3.jpg
0,F0563/MID1/P05923_face1.jpg,F0308/MID1/P03283_face2.jpg
1,F0563/MID1/P05923_face1.jpg,F0563/MID2/P05918_face1.jpg
0,F0563/MID1/P05923_face1.jpg,F0365/MID3/P03872_face2.jpg
1,F0563/MID1/P05923_face1.jpg,F0563/MID2/P05916_face2.jpg
0,F0563/MID1/P05923_face1.jpg,F0981/MID3/P10340_face2.jpg
1,F0563/MID1/P05923_face1.jpg,F0563/MID2/P05924_face2.jpg
0,F0563/MID1/P05923_face1.jpg,F0320/MID2/P03393_face1.jpg
1,F0563/MID1/P05922_face1.jpg,F0563/MID2/P05921_face2.jpg
0,F0563/MID1/P05922_face1.jpg,F0574/MID1/P06032_face2.jpg
1,F0563/MID1/P05922_face1.jpg,F0563/MID2/P05925_face2.jpg
0,F0563/MID1/P05922_face1.jpg,F0058/MID5/P00584_face1.jpg
1,F0563/MID1/P05922_face1.jpg,F0563/MID2/P05917_face1.jpg
0,F0563/MID1/P05922_face1.jpg,F0732/MID2/P07667_face1.jpg
1,F0563/MID1/P05922_face1.jpg,F0563/MID2/P05915_face4.jpg
0,F0563/MID1/P05922_face1.jpg,F0638/MID3/P06707_face4.jpg
1,F0563/MID1/P05922_face1.jpg,F0563/MID2/P05912_face3.jpg
0,F0563/MID1/P05922_face1.jpg,F0300/MID2/P03206_face3.jpg
1,F0563/MID1/P05922_face1.jpg,F0563/MID2/P05914_face1.jpg
0,F0563/MID1/P05922_face1.jpg,F0521/MID5/P05479_face1.jpg
1,F0563/MID1/P05922_face1.jpg,F0563/MID2/P05911_face2.jpg
0,F0563/MID1/P05922_face1.jpg,F0974/MID1/P10266_face7.jpg
1,F0563/MID1/P05922_face1.jpg,F0563/MID2/P05913_face3.jpg
0,F0563/MID1/P05922_face1.jpg,F0794/MID4/P08388_face3.jpg
1,F0563/MID1/P05922_face1.jpg,F0563/MID2/P05918_face1.jpg
0,F0563/MID1/P05922_face1.jpg,F0337/MID3/P03575_face1.jpg
1,F0563/MID1/P05922_face1.jpg,F0563/MID2/P05916_face2.jpg
0,F0563/MID1/P05922_face1.jpg,F0133/MID4/P01397_face2.jpg
1,F0563/MID1/P05922_face1.jpg,F0563/MID2/P05924_face2.jpg
0,F0563/MID1/P05922_face1.jpg,F0393/MID2/P04157_face1.jpg
1,F0563/MID1/P05911_face1.jpg,F0563/MID2/P05921_face2.jpg
0,F0563/MID1/P05911_face1.jpg,F0125/MID5/P01287_face3.jpg
1,F0563/MID1/P05911_face1.jpg,F0563/MID2/P05925_face2.jpg
0,F0563/MID1/P05911_face1.jpg,F0029/MID5/P00296_face5.jpg
1,F0563/MID1/P05911_face1.jpg,F0563/MID2/P05917_face1.jpg
0,F0563/MID1/P05911_face1.jpg,F0854/MID1/P09026_face1.jpg
1,F0563/MID1/P05911_face1.jpg,F0563/MID2/P05915_face4.jpg
0,F0563/MID1/P05911_face1.jpg,F0802/MID6/P08477_face1.jpg
1,F0563/MID1/P05911_face1.jpg,F0563/MID2/P05912_face3.jpg
0,F0563/MID1/P05911_face1.jpg,F0941/MID1/P09917_face2.jpg
1,F0563/MID1/P05911_face1.jpg,F0563/MID2/P05914_face1.jpg
0,F0563/MID1/P05911_face1.jpg,F0853/MID1/P09016_face2.jpg
1,F0563/MID1/P05911_face1.jpg,F0563/MID2/P05911_face2.jpg
0,F0563/MID1/P05911_face1.jpg,F0043/MID4/P00432_face2.jpg
1,F0563/MID1/P05911_face1.jpg,F0563/MID2/P05913_face3.jpg
0,F0563/MID1/P05911_face1.jpg,F0289/MID4/P03081_face2.jpg
1,F0563/MID1/P05911_face1.jpg,F0563/MID2/P05918_face1.jpg
0,F0563/MID1/P05911_face1.jpg,F0339/MID1/P03596_face2.jpg
1,F0563/MID1/P05911_face1.jpg,F0563/MID2/P05916_face2.jpg
0,F0563/MID1/P05911_face1.jpg,F0264/MID2/P02808_face1.jpg
1,F0563/MID1/P05911_face1.jpg,F0563/MID2/P05924_face2.jpg
0,F0563/MID1/P05911_face1.jpg,F0335/MID2/P03543_face2.jpg
1,F0563/MID1/P05920_face3.jpg,F0563/MID2/P05921_face2.jpg
0,F0563/MID1/P05920_face3.jpg,F0616/MID4/P06468_face2.jpg
1,F0563/MID1/P05920_face3.jpg,F0563/MID2/P05925_face2.jpg
0,F0563/MID1/P05920_face3.jpg,F0850/MID4/P08982_face3.jpg
1,F0563/MID1/P05920_face3.jpg,F0563/MID2/P05917_face1.jpg
0,F0563/MID1/P05920_face3.jpg,F0731/MID2/P07657_face1.jpg
1,F0563/MID1/P05920_face3.jpg,F0563/MID2/P05915_face4.jpg
0,F0563/MID1/P05920_face3.jpg,F0162/MID3/P01732_face1.jpg
1,F0563/MID1/P05920_face3.jpg,F0563/MID2/P05912_face3.jpg
0,F0563/MID1/P05920_face3.jpg,F0888/MID1/P09367_face2.jpg
1,F0563/MID1/P05920_face3.jpg,F0563/MID2/P05914_face1.jpg
0,F0563/MID1/P05920_face3.jpg,F0748/MID1/P07835_face2.jpg
1,F0563/MID1/P05920_face3.jpg,F0563/MID2/P05911_face2.jpg
0,F0563/MID1/P05920_face3.jpg,F0727/MID1/P07631_face2.jpg
1,F0563/MID1/P05920_face3.jpg,F0563/MID2/P05913_face3.jpg
0,F0563/MID1/P05920_face3.jpg,F0029/MID6/P00296_face1.jpg
1,F0563/MID1/P05920_face3.jpg,F0563/MID2/P05918_face1.jpg
0,F0563/MID1/P05920_face3.jpg,F0943/MID2/P09942_face4.jpg
1,F0563/MID1/P05920_face3.jpg,F0563/MID2/P05916_face2.jpg
0,F0563/MID1/P05920_face3.jpg,F0575/MID2/P06039_face2.jpg
1,F0563/MID1/P05920_face3.jpg,F0563/MID2/P05924_face2.jpg
0,F0563/MID1/P05920_face3.jpg,F0138/MID3/P01455_face1.jpg
1,F0563/MID1/P05921_face1.jpg,F0563/MID2/P05921_face2.jpg
0,F0563/MID1/P05921_face1.jpg,F0847/MID2/P08945_face3.jpg
1,F0563/MID1/P05921_face1.jpg,F0563/MID2/P05925_face2.jpg
0,F0563/MID1/P05921_face1.jpg,F0459/MID4/P04840_face2.jpg
1,F0563/MID1/P05921_face1.jpg,F0563/MID2/P05917_face1.jpg
0,F0563/MID1/P05921_face1.jpg,F0699/MID3/P07307_face2.jpg
1,F0563/MID1/P05921_face1.jpg,F0563/MID2/P05915_face4.jpg
0,F0563/MID1/P05921_face1.jpg,F0475/MID4/P11786_face1.jpg
1,F0563/MID1/P05921_face1.jpg,F0563/MID2/P05912_face3.jpg
0,F0563/MID1/P05921_face1.jpg,F0859/MID2/P09080_face1.jpg
1,F0563/MID1/P05921_face1.jpg,F0563/MID2/P05914_face1.jpg
0,F0563/MID1/P05921_face1.jpg,F0160/MID5/P01714_face1.jpg
1,F0563/MID1/P05921_face1.jpg,F0563/MID2/P05911_face2.jpg
0,F0563/MID1/P05921_face1.jpg,F0494/MID2/P05222_face5.jpg
1,F0563/MID1/P05921_face1.jpg,F0563/MID2/P05913_face3.jpg
0,F0563/MID1/P05921_face1.jpg,F0926/MID4/P09767_face2.jpg
1,F0563/MID1/P05921_face1.jpg,F0563/MID2/P05918_face1.jpg
0,F0563/MID1/P05921_face1.jpg,F0358/MID7/P10932_face4.jpg
1,F0563/MID1/P05921_face1.jpg,F0563/MID2/P05916_face2.jpg
0,F0563/MID1/P05921_face1.jpg,F0331/MID3/P03509_face4.jpg
1,F0563/MID1/P05921_face1.jpg,F0563/MID2/P05924_face2.jpg
0,F0563/MID1/P05921_face1.jpg,F0178/MID3/P01915_face2.jpg
1,F0563/MID1/P05925_face3.jpg,F0563/MID2/P05921_face2.jpg
0,F0563/MID1/P05925_face3.jpg,F0195/MID1/P02097_face1.jpg
1,F0563/MID1/P05925_face3.jpg,F0563/MID2/P05925_face2.jpg
0,F0563/MID1/P05925_face3.jpg,F0534/MID1/P05610_face2.jpg
1,F0563/MID1/P05925_face3.jpg,F0563/MID2/P05917_face1.jpg
0,F0563/MID1/P05925_face3.jpg,F0172/MID3/P01843_face4.jpg
1,F0563/MID1/P05925_face3.jpg,F0563/MID2/P05915_face4.jpg
0,F0563/MID1/P05925_face3.jpg,F0375/MID4/P03986_face2.jpg
1,F0563/MID1/P05925_face3.jpg,F0563/MID2/P05912_face3.jpg
0,F0563/MID1/P05925_face3.jpg,F0721/MID2/P07560_face1.jpg
1,F0563/MID1/P05925_face3.jpg,F0563/MID2/P05914_face1.jpg
0,F0563/MID1/P05925_face3.jpg,F0962/MID5/P10137_face2.jpg
1,F0563/MID1/P05925_face3.jpg,F0563/MID2/P05911_face2.jpg
0,F0563/MID1/P05925_face3.jpg,F0357/MID2/P03784_face3.jpg
1,F0563/MID1/P05925_face3.jpg,F0563/MID2/P05913_face3.jpg
0,F0563/MID1/P05925_face3.jpg,F0793/MID4/P08359_face2.jpg
1,F0563/MID1/P05925_face3.jpg,F0563/MID2/P05918_face1.jpg
0,F0563/MID1/P05925_face3.jpg,F0987/MID9/P10396_face4.jpg
1,F0563/MID1/P05925_face3.jpg,F0563/MID2/P05916_face2.jpg
0,F0563/MID1/P05925_face3.jpg,F0735/MID1/P07700_face1.jpg
1,F0563/MID1/P05925_face3.jpg,F0563/MID2/P05924_face2.jpg
0,F0563/MID1/P05925_face3.jpg,F0243/MID1/P02573_face1.jpg
1,F0563/MID1/P05916_face1.jpg,F0563/MID4/P05915_face2.jpg
0,F0563/MID1/P05916_face1.jpg,F0739/MID2/P07738_face3.jpg
1,F0563/MID1/P05916_face1.jpg,F0563/MID4/P05914_face2.jpg
0,F0563/MID1/P05916_face1.jpg,F0355/MID1/P03769_face2.jpg
1,F0563/MID1/P05916_face1.jpg,F0563/MID4/P05913_face4.jpg
0,F0563/MID1/P05916_face1.jpg,F0175/MID1/P01888_face2.jpg
1,F0563/MID1/P05915_face3.jpg,F0563/MID4/P05915_face2.jpg
0,F0563/MID1/P05915_face3.jpg,F0317/MID1/P03362_face2.jpg
1,F0563/MID1/P05915_face3.jpg,F0563/MID4/P05914_face2.jpg
0,F0563/MID1/P05915_face3.jpg,F0309/MID5/P12243_face3.jpg
1,F0563/MID1/P05915_face3.jpg,F0563/MID4/P05913_face4.jpg
0,F0563/MID1/P05915_face3.jpg,F0043/MID1/P00432_face1.jpg
1,F0563/MID1/P05926_face1.jpg,F0563/MID4/P05915_face2.jpg
0,F0563/MID1/P05926_face1.jpg,F0974/MID6/P10271_face2.jpg
1,F0563/MID1/P05926_face1.jpg,F0563/MID4/P05914_face2.jpg
0,F0563/MID1/P05926_face1.jpg,F0441/MID1/P04659_face3.jpg
1,F0563/MID1/P05926_face1.jpg,F0563/MID4/P05913_face4.jpg
0,F0563/MID1/P05926_face1.jpg,F0719/MID1/P07540_face1.jpg
1,F0563/MID1/P05919_face1.jpg,F0563/MID4/P05915_face2.jpg
0,F0563/MID1/P05919_face1.jpg,F0022/MID3/P00222_face1.jpg
1,F0563/MID1/P05919_face1.jpg,F0563/MID4/P05914_face2.jpg
0,F0563/MID1/P05919_face1.jpg,F0969/MID4/P10207_face1.jpg
1,F0563/MID1/P05919_face1.jpg,F0563/MID4/P05913_face4.jpg
0,F0563/MID1/P05919_face1.jpg,F0930/MID1/P09809_face4.jpg
1,F0563/MID1/P05912_face1.jpg,F0563/MID4/P05915_face2.jpg
0,F0563/MID1/P05912_face1.jpg,F0653/MID3/P06866_face1.jpg
1,F0563/MID1/P05912_face1.jpg,F0563/MID4/P05914_face2.jpg
0,F0563/MID1/P05912_face1.jpg,F0425/MID2/P11487_face2.jpg
1,F0563/MID1/P05912_face1.jpg,F0563/MID4/P05913_face4.jpg
0,F0563/MID1/P05912_face1.jpg,F0453/MID4/P04785_face2.jpg
1,F0563/MID1/P05913_face2.jpg,F0563/MID4/P05915_face2.jpg
0,F0563/MID1/P05913_face2.jpg,F0562/MID2/P05900_face1.jpg
1,F0563/MID1/P05913_face2.jpg,F0563/MID4/P05914_face2.jpg
0,F0563/MID1/P05913_face2.jpg,F0654/MID1/P06872_face2.jpg
1,F0563/MID1/P05913_face2.jpg,F0563/MID4/P05913_face4.jpg
0,F0563/MID1/P05913_face2.jpg,F0882/MID2/P12354_face3.jpg
1,F0563/MID1/P05914_face3.jpg,F0563/MID4/P05915_face2.jpg
0,F0563/MID1/P05914_face3.jpg,F0674/MID1/P07044_face2.jpg
1,F0563/MID1/P05914_face3.jpg,F0563/MID4/P05914_face2.jpg
0,F0563/MID1/P05914_face3.jpg,F0298/MID4/P03169_face4.jpg
1,F0563/MID1/P05914_face3.jpg,F0563/MID4/P05913_face4.jpg
0,F0563/MID1/P05914_face3.jpg,F0992/MID3/P10451_face1.jpg
1,F0563/MID1/P05917_face3.jpg,F0563/MID4/P05915_face2.jpg
0,F0563/MID1/P05917_face3.jpg,F0436/MID4/P04597_face2.jpg
1,F0563/MID1/P05917_face3.jpg,F0563/MID4/P05914_face2.jpg
0,F0563/MID1/P05917_face3.jpg,F0637/MID2/P06693_face3.jpg
1,F0563/MID1/P05917_face3.jpg,F0563/MID4/P05913_face4.jpg
0,F0563/MID1/P05917_face3.jpg,F0608/MID6/P10788_face1.jpg
1,F0563/MID1/P05924_face1.jpg,F0563/MID4/P05915_face2.jpg
0,F0563/MID1/P05924_face1.jpg,F0528/MID1/P10976_face2.jpg
1,F0563/MID1/P05924_face1.jpg,F0563/MID4/P05914_face2.jpg
0,F0563/MID1/P05924_face1.jpg,F0372/MID3/P03944_face1.jpg
1,F0563/MID1/P05924_face1.jpg,F0563/MID4/P05913_face4.jpg
0,F0563/MID1/P05924_face1.jpg,F0538/MID3/P05654_face3.jpg
1,F0563/MID1/P05923_face1.jpg,F0563/MID4/P05915_face2.jpg
0,F0563/MID1/P05923_face1.jpg,F0991/MID14/P10441_face10.jpg
1,F0563/MID1/P05923_face1.jpg,F0563/MID4/P05914_face2.jpg
0,F0563/MID1/P05923_face1.jpg,F0339/MID2/P03595_face1.jpg
1,F0563/MID1/P05923_face1.jpg,F0563/MID4/P05913_face4.jpg
0,F0563/MID1/P05923_face1.jpg,F0910/MID2/P09610_face5.jpg
1,F0563/MID1/P05922_face1.jpg,F0563/MID4/P05915_face2.jpg
0,F0563/MID1/P05922_face1.jpg,F0449/MID3/P04755_face2.jpg
1,F0563/MID1/P05922_face1.jpg,F0563/MID4/P05914_face2.jpg
0,F0563/MID1/P05922_face1.jpg,F0125/MID4/P01286_face4.jpg
1,F0563/MID1/P05922_face1.jpg,F0563/MID4/P05913_face4.jpg
0,F0563/MID1/P05922_face1.jpg,F0357/MID9/P03800_face1.jpg
1,F0563/MID1/P05911_face1.jpg,F0563/MID4/P05915_face2.jpg
0,F0563/MID1/P05911_face1.jpg,F0074/MID5/P11165_face3.jpg
1,F0563/MID1/P05911_face1.jpg,F0563/MID4/P05914_face2.jpg
0,F0563/MID1/P05911_face1.jpg,F0458/MID5/P11280_face1.jpg
1,F0563/MID1/P05911_face1.jpg,F0563/MID4/P05913_face4.jpg
0,F0563/MID1/P05911_face1.jpg,F0625/MID4/P06557_face4.jpg
1,F0563/MID1/P05920_face3.jpg,F0563/MID4/P05915_face2.jpg
0,F0563/MID1/P05920_face3.jpg,F0700/MID1/P07325_face1.jpg
1,F0563/MID1/P05920_face3.jpg,F0563/MID4/P05914_face2.jpg
0,F0563/MID1/P05920_face3.jpg,F0999/MID2/P10551_face3.jpg
1,F0563/MID1/P05920_face3.jpg,F0563/MID4/P05913_face4.jpg
0,F0563/MID1/P05920_face3.jpg,F0125/MID2/P01286_face1.jpg
1,F0563/MID1/P05921_face1.jpg,F0563/MID4/P05915_face2.jpg
0,F0563/MID1/P05921_face1.jpg,F0264/MID2/P02808_face1.jpg
1,F0563/MID1/P05921_face1.jpg,F0563/MID4/P05914_face2.jpg
0,F0563/MID1/P05921_face1.jpg,F0918/MID2/P09686_face12.jpg
1,F0563/MID1/P05921_face1.jpg,F0563/MID4/P05913_face4.jpg
0,F0563/MID1/P05921_face1.jpg,F0891/MID2/P09408_face2.jpg
1,F0563/MID1/P05925_face3.jpg,F0563/MID4/P05915_face2.jpg
0,F0563/MID1/P05925_face3.jpg,F0993/MID5/P10463_face2.jpg
1,F0563/MID1/P05925_face3.jpg,F0563/MID4/P05914_face2.jpg
0,F0563/MID1/P05925_face3.jpg,F0554/MID2/P05816_face1.jpg
1,F0563/MID1/P05925_face3.jpg,F0563/MID4/P05913_face4.jpg
0,F0563/MID1/P05925_face3.jpg,F0400/MID5/P04221_face4.jpg
1,F0836/MID10/P08837_face3.jpg,F0836/MID1/P08833_face3.jpg
0,F0836/MID10/P08837_face3.jpg,F0757/MID2/P07987_face2.jpg
1,F0836/MID10/P08837_face3.jpg,F0836/MID1/P08834_face2.jpg
0,F0836/MID10/P08837_face3.jpg,F0833/MID3/P08804_face3.jpg
1,F0836/MID10/P08837_face3.jpg,F0836/MID1/P08832_face2.jpg
0,F0836/MID10/P08837_face3.jpg,F0444/MID4/P04691_face2.jpg
1,F0836/MID10/P08837_face3.jpg,F0836/MID1/P08839_face1.jpg
0,F0836/MID10/P08837_face3.jpg,F0645/MID8/P06798_face2.jpg
1,F0836/MID10/P08837_face3.jpg,F0836/MID1/P08831_face1.jpg
0,F0836/MID10/P08837_face3.jpg,F0146/MID3/P01559_face2.jpg
1,F0836/MID10/P08837_face3.jpg,F0836/MID1/P08836_face1.jpg
0,F0836/MID10/P08837_face3.jpg,F0708/MID6/P11203_face1.jpg
1,F0836/MID10/P08837_face3.jpg,F0836/MID1/P08837_face2.jpg
0,F0836/MID10/P08837_face3.jpg,F0752/MID1/P07895_face3.jpg
1,F0836/MID10/P08837_face3.jpg,F0836/MID1/P08838_face1.jpg
0,F0836/MID10/P08837_face3.jpg,F0759/MID1/P08007_face1.jpg
1,F0836/MID10/P08837_face3.jpg,F0836/MID1/P08840_face2.jpg
0,F0836/MID10/P08837_face3.jpg,F0192/MID3/P02068_face2.jpg
1,F0836/MID10/P08837_face3.jpg,F0836/MID1/P08835_face1.jpg
0,F0836/MID10/P08837_face3.jpg,F0446/MID1/P04715_face3.jpg
1,F0836/MID10/P08838_face2.jpg,F0836/MID1/P08833_face3.jpg
0,F0836/MID10/P08838_face2.jpg,F0940/MID6/P09914_face4.jpg
1,F0836/MID10/P08838_face2.jpg,F0836/MID1/P08834_face2.jpg
0,F0836/MID10/P08838_face2.jpg,F0424/MID1/P04473_face1.jpg
1,F0836/MID10/P08838_face2.jpg,F0836/MID1/P08832_face2.jpg
0,F0836/MID10/P08838_face2.jpg,F0798/MID5/P08451_face3.jpg
1,F0836/MID10/P08838_face2.jpg,F0836/MID1/P08839_face1.jpg
0,F0836/MID10/P08838_face2.jpg,F0188/MID4/P02021_face1.jpg
1,F0836/MID10/P08838_face2.jpg,F0836/MID1/P08831_face1.jpg
0,F0836/MID10/P08838_face2.jpg,F0608/MID1/P10781_face2.jpg
1,F0836/MID10/P08838_face2.jpg,F0836/MID1/P08836_face1.jpg
0,F0836/MID10/P08838_face2.jpg,F0741/MID3/P07771_face2.jpg
1,F0836/MID10/P08838_face2.jpg,F0836/MID1/P08837_face2.jpg
0,F0836/MID10/P08838_face2.jpg,F0898/MID3/P09479_face1.jpg
1,F0836/MID10/P08838_face2.jpg,F0836/MID1/P08838_face1.jpg
0,F0836/MID10/P08838_face2.jpg,F0049/MID2/P00491_face2.jpg
1,F0836/MID10/P08838_face2.jpg,F0836/MID1/P08840_face2.jpg
0,F0836/MID10/P08838_face2.jpg,F0002/MID3/P00018_face2.jpg
1,F0836/MID10/P08838_face2.jpg,F0836/MID1/P08835_face1.jpg
0,F0836/MID10/P08838_face2.jpg,F0746/MID2/P07818_face2.jpg
1,F0836/MID10/P08839_face3.jpg,F0836/MID1/P08833_face3.jpg
0,F0836/MID10/P08839_face3.jpg,F0298/MID6/P03175_face6.jpg
1,F0836/MID10/P08839_face3.jpg,F0836/MID1/P08834_face2.jpg
0,F0836/MID10/P08839_face3.jpg,F0731/MID6/P07665_face3.jpg
1,F0836/MID10/P08839_face3.jpg,F0836/MID1/P08832_face2.jpg
0,F0836/MID10/P08839_face3.jpg,F0253/MID6/P02687_face1.jpg
1,F0836/MID10/P08839_face3.jpg,F0836/MID1/P08839_face1.jpg
0,F0836/MID10/P08839_face3.jpg,F0191/MID1/P02058_face3.jpg
1,F0836/MID10/P08839_face3.jpg,F0836/MID1/P08831_face1.jpg
0,F0836/MID10/P08839_face3.jpg,F0142/MID6/P01497_face1.jpg
1,F0836/MID10/P08839_face3.jpg,F0836/MID1/P08836_face1.jpg
0,F0836/MID10/P08839_face3.jpg,F0749/MID4/P07852_face2.jpg
1,F0836/MID10/P08839_face3.jpg,F0836/MID1/P08837_face2.jpg
0,F0836/MID10/P08839_face3.jpg,F0576/MID2/P06057_face3.jpg
1,F0836/MID10/P08839_face3.jpg,F0836/MID1/P08838_face1.jpg
0,F0836/MID10/P08839_face3.jpg,F0732/MID1/P07680_face2.jpg
1,F0836/MID10/P08839_face3.jpg,F0836/MID1/P08840_face2.jpg
0,F0836/MID10/P08839_face3.jpg,F0195/MID1/P02099_face2.jpg
1,F0836/MID10/P08839_face3.jpg,F0836/MID1/P08835_face1.jpg
0,F0836/MID10/P08839_face3.jpg,F0166/MID3/P01783_face2.jpg
1,F0836/MID10/P08837_face3.jpg,F0836/MID5/P08836_face6.jpg
0,F0836/MID10/P08837_face3.jpg,F0640/MID2/P06715_face1.jpg
1,F0836/MID10/P08837_face3.jpg,F0836/MID5/P08833_face1.jpg
0,F0836/MID10/P08837_face3.jpg,F0915/MID3/P09656_face2.jpg
1,F0836/MID10/P08838_face2.jpg,F0836/MID5/P08836_face6.jpg
0,F0836/MID10/P08838_face2.jpg,F0228/MID1/P02432_face1.jpg
1,F0836/MID10/P08838_face2.jpg,F0836/MID5/P08833_face1.jpg
0,F0836/MID10/P08838_face2.jpg,F0139/MID3/P01467_face1.jpg
1,F0836/MID10/P08839_face3.jpg,F0836/MID5/P08836_face6.jpg
0,F0836/MID10/P08839_face3.jpg,F0243/MID5/P02573_face2.jpg
1,F0836/MID10/P08839_face3.jpg,F0836/MID5/P08833_face1.jpg
0,F0836/MID10/P08839_face3.jpg,F0432/MID1/P04556_face2.jpg
1,F0836/MID10/P08837_face3.jpg,F0836/MID9/P08836_face5.jpg
0,F0836/MID10/P08837_face3.jpg,F0742/MID2/P07780_face2.jpg
1,F0836/MID10/P08838_face2.jpg,F0836/MID9/P08836_face5.jpg
0,F0836/MID10/P08838_face2.jpg,F0321/MID1/P03396_face2.jpg
1,F0836/MID10/P08839_face3.jpg,F0836/MID9/P08836_face5.jpg
0,F0836/MID10/P08839_face3.jpg,F0524/MID2/P05507_face2.jpg
1,F0446/MID1/P04717_face2.jpg,F0446/MID2/P04721_face2.jpg
0,F0446/MID1/P04717_face2.jpg,F0609/MID2/P06404_face2.jpg
1,F0446/MID1/P04717_face2.jpg,F0446/MID2/P04714_face2.jpg
0,F0446/MID1/P04717_face2.jpg,F0428/MID5/P12091_face1.jpg
1,F0446/MID1/P04717_face2.jpg,F0446/MID2/P04717_face1.jpg
0,F0446/MID1/P04717_face2.jpg,F0985/MID3/P10378_face1.jpg
1,F0446/MID1/P04717_face2.jpg,F0446/MID2/P04719_face1.jpg
0,F0446/MID1/P04717_face2.jpg,F0336/MID3/P03556_face1.jpg
1,F0446/MID1/P04717_face2.jpg,F0446/MID2/P04712_face1.jpg
0,F0446/MID1/P04717_face2.jpg,F0390/MID10/P04128_face1.jpg
1,F0446/MID1/P04718_face2.jpg,F0446/MID2/P04721_face2.jpg
0,F0446/MID1/P04718_face2.jpg,F0254/MID5/P02696_face1.jpg
1,F0446/MID1/P04718_face2.jpg,F0446/MID2/P04714_face2.jpg
0,F0446/MID1/P04718_face2.jpg,F0866/MID2/P09147_face2.jpg
1,F0446/MID1/P04718_face2.jpg,F0446/MID2/P04717_face1.jpg
0,F0446/MID1/P04718_face2.jpg,F0940/MID2/P09909_face1.jpg
1,F0446/MID1/P04718_face2.jpg,F0446/MID2/P04719_face1.jpg
0,F0446/MID1/P04718_face2.jpg,F0845/MID1/P08931_face1.jpg
1,F0446/MID1/P04718_face2.jpg,F0446/MID2/P04712_face1.jpg
0,F0446/MID1/P04718_face2.jpg,F0727/MID1/P07634_face2.jpg
1,F0446/MID1/P04720_face2.jpg,F0446/MID2/P04721_face2.jpg
0,F0446/MID1/P04720_face2.jpg,F0367/MID4/P03887_face3.jpg
1,F0446/MID1/P04720_face2.jpg,F0446/MID2/P04714_face2.jpg
0,F0446/MID1/P04720_face2.jpg,F0542/MID3/P05688_face2.jpg
1,F0446/MID1/P04720_face2.jpg,F0446/MID2/P04717_face1.jpg
0,F0446/MID1/P04720_face2.jpg,F0550/MID1/P05767_face1.jpg
1,F0446/MID1/P04720_face2.jpg,F0446/MID2/P04719_face1.jpg
0,F0446/MID1/P04720_face2.jpg,F0476/MID4/P05007_face3.jpg
1,F0446/MID1/P04720_face2.jpg,F0446/MID2/P04712_face1.jpg
0,F0446/MID1/P04720_face2.jpg,F0091/MID3/P00929_face4.jpg
1,F0446/MID1/P04719_face2.jpg,F0446/MID2/P04721_face2.jpg
0,F0446/MID1/P04719_face2.jpg,F0540/MID2/P05667_face2.jpg
1,F0446/MID1/P04719_face2.jpg,F0446/MID2/P04714_face2.jpg
0,F0446/MID1/P04719_face2.jpg,F0652/MID4/P11005_face1.jpg
1,F0446/MID1/P04719_face2.jpg,F0446/MID2/P04717_face1.jpg
0,F0446/MID1/P04719_face2.jpg,F0735/MID2/P07697_face1.jpg
1,F0446/MID1/P04719_face2.jpg,F0446/MID2/P04719_face1.jpg
0,F0446/MID1/P04719_face2.jpg,F0029/MID7/P00295_face1.jpg
1,F0446/MID1/P04719_face2.jpg,F0446/MID2/P04712_face1.jpg
0,F0446/MID1/P04719_face2.jpg,F0237/MID2/P02515_face1.jpg
1,F0446/MID1/P04712_face4.jpg,F0446/MID2/P04721_face2.jpg
0,F0446/MID1/P04712_face4.jpg,F0859/MID2/P09080_face1.jpg
1,F0446/MID1/P04712_face4.jpg,F0446/MID2/P04714_face2.jpg
0,F0446/MID1/P04712_face4.jpg,F0757/MID3/P07996_face7.jpg
1,F0446/MID1/P04712_face4.jpg,F0446/MID2/P04717_face1.jpg
0,F0446/MID1/P04712_face4.jpg,F0267/MID5/P11331_face1.jpg
1,F0446/MID1/P04712_face4.jpg,F0446/MID2/P04719_face1.jpg
0,F0446/MID1/P04712_face4.jpg,F0809/MID2/P08563_face3.jpg
1,F0446/MID1/P04712_face4.jpg,F0446/MID2/P04712_face1.jpg
0,F0446/MID1/P04712_face4.jpg,F0890/MID3/P09393_face2.jpg
1,F0446/MID1/P04714_face4.jpg,F0446/MID2/P04721_face2.jpg
0,F0446/MID1/P04714_face4.jpg,F0699/MID6/P07287_face3.jpg
1,F0446/MID1/P04714_face4.jpg,F0446/MID2/P04714_face2.jpg
0,F0446/MID1/P04714_face4.jpg,F0970/MID4/P10217_face2.jpg
1,F0446/MID1/P04714_face4.jpg,F0446/MID2/P04717_face1.jpg
0,F0446/MID1/P04714_face4.jpg,F0703/MID8/P07349_face1.jpg
1,F0446/MID1/P04714_face4.jpg,F0446/MID2/P04719_face1.jpg
0,F0446/MID1/P04714_face4.jpg,F0849/MID2/P08970_face1.jpg
1,F0446/MID1/P04714_face4.jpg,F0446/MID2/P04712_face1.jpg
0,F0446/MID1/P04714_face4.jpg,F0641/MID2/P06730_face3.jpg
1,F0446/MID1/P04721_face4.jpg,F0446/MID2/P04721_face2.jpg
0,F0446/MID1/P04721_face4.jpg,F0677/MID1/P07068_face3.jpg
1,F0446/MID1/P04721_face4.jpg,F0446/MID2/P04714_face2.jpg
0,F0446/MID1/P04721_face4.jpg,F0199/MID3/P02142_face2.jpg
1,F0446/MID1/P04721_face4.jpg,F0446/MID2/P04717_face1.jpg
0,F0446/MID1/P04721_face4.jpg,F0193/MID8/P10284_face4.jpg
1,F0446/MID1/P04721_face4.jpg,F0446/MID2/P04719_face1.jpg
0,F0446/MID1/P04721_face4.jpg,F0257/MID1/P02737_face2.jpg
1,F0446/MID1/P04721_face4.jpg,F0446/MID2/P04712_face1.jpg
0,F0446/MID1/P04721_face4.jpg,F0621/MID1/P06513_face2.jpg
1,F0446/MID1/P04715_face3.jpg,F0446/MID2/P04721_face2.jpg
0,F0446/MID1/P04715_face3.jpg,F0167/MID4/P01797_face1.jpg
1,F0446/MID1/P04715_face3.jpg,F0446/MID2/P04714_face2.jpg
0,F0446/MID1/P04715_face3.jpg,F0489/MID1/P05146_face1.jpg
1,F0446/MID1/P04715_face3.jpg,F0446/MID2/P04717_face1.jpg
0,F0446/MID1/P04715_face3.jpg,F0060/MID4/P00604_face3.jpg
1,F0446/MID1/P04715_face3.jpg,F0446/MID2/P04719_face1.jpg
0,F0446/MID1/P04715_face3.jpg,F0462/MID4/P04874_face2.jpg
1,F0446/MID1/P04715_face3.jpg,F0446/MID2/P04712_face1.jpg
0,F0446/MID1/P04715_face3.jpg,F0897/MID6/P09465_face2.jpg
1,F0446/MID1/P04717_face2.jpg,F0446/MID4/P04720_face3.jpg
0,F0446/MID1/P04717_face2.jpg,F0193/MID3/P02081_face4.jpg
1,F0446/MID1/P04717_face2.jpg,F0446/MID4/P04715_face2.jpg
0,F0446/MID1/P04717_face2.jpg,F0965/MID6/P10168_face1.jpg
1,F0446/MID1/P04717_face2.jpg,F0446/MID4/P04714_face3.jpg
0,F0446/MID1/P04717_face2.jpg,F0652/MID5/P11010_face3.jpg
1,F0446/MID1/P04718_face2.jpg,F0446/MID4/P04720_face3.jpg
0,F0446/MID1/P04718_face2.jpg,F0835/MID10/P03016_face4.jpg
1,F0446/MID1/P04718_face2.jpg,F0446/MID4/P04715_face2.jpg
0,F0446/MID1/P04718_face2.jpg,F0188/MID3/P02016_face2.jpg
1,F0446/MID1/P04718_face2.jpg,F0446/MID4/P04714_face3.jpg
0,F0446/MID1/P04718_face2.jpg,F0069/MID4/P00706_face1.jpg
1,F0446/MID1/P04720_face2.jpg,F0446/MID4/P04720_face3.jpg
0,F0446/MID1/P04720_face2.jpg,F0534/MID1/P05609_face2.jpg
1,F0446/MID1/P04720_face2.jpg,F0446/MID4/P04715_face2.jpg
0,F0446/MID1/P04720_face2.jpg,F0843/MID4/P08903_face2.jpg
1,F0446/MID1/P04720_face2.jpg,F0446/MID4/P04714_face3.jpg
0,F0446/MID1/P04720_face2.jpg,F0236/MID1/P02499_face6.jpg
1,F0446/MID1/P04719_face2.jpg,F0446/MID4/P04720_face3.jpg
0,F0446/MID1/P04719_face2.jpg,F0741/MID3/P07771_face2.jpg
1,F0446/MID1/P04719_face2.jpg,F0446/MID4/P04715_face2.jpg
0,F0446/MID1/P04719_face2.jpg,F0683/MID1/P07137_face1.jpg
1,F0446/MID1/P04719_face2.jpg,F0446/MID4/P04714_face3.jpg
0,F0446/MID1/P04719_face2.jpg,F0778/MID1/P08221_face1.jpg
1,F0446/MID1/P04712_face4.jpg,F0446/MID4/P04720_face3.jpg
0,F0446/MID1/P04712_face4.jpg,F0429/MID3/P04515_face1.jpg
1,F0446/MID1/P04712_face4.jpg,F0446/MID4/P04715_face2.jpg
0,F0446/MID1/P04712_face4.jpg,F0217/MID5/P02305_face4.jpg
1,F0446/MID1/P04712_face4.jpg,F0446/MID4/P04714_face3.jpg
0,F0446/MID1/P04712_face4.jpg,F0409/MID4/P04312_face1.jpg
1,F0446/MID1/P04714_face4.jpg,F0446/MID4/P04720_face3.jpg
0,F0446/MID1/P04714_face4.jpg,F0340/MID2/P03597_face3.jpg
1,F0446/MID1/P04714_face4.jpg,F0446/MID4/P04715_face2.jpg
0,F0446/MID1/P04714_face4.jpg,F0573/MID4/P06027_face2.jpg
1,F0446/MID1/P04714_face4.jpg,F0446/MID4/P04714_face3.jpg
0,F0446/MID1/P04714_face4.jpg,F0795/MID3/P12223_face2.jpg
1,F0446/MID1/P04721_face4.jpg,F0446/MID4/P04720_face3.jpg
0,F0446/MID1/P04721_face4.jpg,F0333/MID4/P03530_face1.jpg
1,F0446/MID1/P04721_face4.jpg,F0446/MID4/P04715_face2.jpg
0,F0446/MID1/P04721_face4.jpg,F0967/MID3/P10186_face3.jpg
1,F0446/MID1/P04721_face4.jpg,F0446/MID4/P04714_face3.jpg
0,F0446/MID1/P04721_face4.jpg,F0166/MID3/P01791_face1.jpg
1,F0446/MID1/P04715_face3.jpg,F0446/MID4/P04720_face3.jpg
0,F0446/MID1/P04715_face3.jpg,F0810/MID2/P09482_face1.jpg
1,F0446/MID1/P04715_face3.jpg,F0446/MID4/P04715_face2.jpg
0,F0446/MID1/P04715_face3.jpg,F0348/MID1/P03692_face2.jpg
1,F0446/MID1/P04715_face3.jpg,F0446/MID4/P04714_face3.jpg
0,F0446/MID1/P04715_face3.jpg,F0733/MID3/P07686_face3.jpg
1,F0766/MID1/P08097_face2.jpg,F0766/MID4/P08095_face4.jpg
0,F0766/MID1/P08097_face2.jpg,F0116/MID3/P01204_face3.jpg
1,F0766/MID1/P08097_face2.jpg,F0766/MID4/P08096_face3.jpg
0,F0766/MID1/P08097_face2.jpg,F0791/MID2/P08337_face2.jpg
1,F0766/MID1/P08097_face2.jpg,F0766/MID4/P08091_face3.jpg
0,F0766/MID1/P08097_face2.jpg,F0797/MID3/P08442_face1.jpg
1,F0766/MID1/P08095_face3.jpg,F0766/MID4/P08095_face4.jpg
0,F0766/MID1/P08095_face3.jpg,F0915/MID1/P09656_face1.jpg
1,F0766/MID1/P08095_face3.jpg,F0766/MID4/P08096_face3.jpg
0,F0766/MID1/P08095_face3.jpg,F0831/MID2/P08786_face2.jpg
1,F0766/MID1/P08095_face3.jpg,F0766/MID4/P08091_face3.jpg
0,F0766/MID1/P08095_face3.jpg,F0353/MID4/P03745_face1.jpg
1,F0766/MID1/P08096_face2.jpg,F0766/MID4/P08095_face4.jpg
0,F0766/MID1/P08096_face2.jpg,F0965/MID7/P10171_face3.jpg
1,F0766/MID1/P08096_face2.jpg,F0766/MID4/P08096_face3.jpg
0,F0766/MID1/P08096_face2.jpg,F0211/MID1/P02243_face3.jpg
1,F0766/MID1/P08096_face2.jpg,F0766/MID4/P08091_face3.jpg
0,F0766/MID1/P08096_face2.jpg,F0435/MID3/P04584_face1.jpg
1,F0766/MID1/P08091_face1.jpg,F0766/MID4/P08095_face4.jpg
0,F0766/MID1/P08091_face1.jpg,F0068/MID3/P00696_face1.jpg
1,F0766/MID1/P08091_face1.jpg,F0766/MID4/P08096_face3.jpg
0,F0766/MID1/P08091_face1.jpg,F0256/MID6/P02726_face1.jpg
1,F0766/MID1/P08091_face1.jpg,F0766/MID4/P08091_face3.jpg
0,F0766/MID1/P08091_face1.jpg,F0947/MID3/P09982_face1.jpg
1,F0766/MID1/P08098_face3.jpg,F0766/MID4/P08095_face4.jpg
0,F0766/MID1/P08098_face3.jpg,F0509/MID1/P05373_face3.jpg
1,F0766/MID1/P08098_face3.jpg,F0766/MID4/P08096_face3.jpg
0,F0766/MID1/P08098_face3.jpg,F0584/MID3/P06149_face1.jpg
1,F0766/MID1/P08098_face3.jpg,F0766/MID4/P08091_face3.jpg
0,F0766/MID1/P08098_face3.jpg,F0114/MID9/P01193_face1.jpg
1,F0766/MID1/P08090_face1.jpg,F0766/MID4/P08095_face4.jpg
0,F0766/MID1/P08090_face1.jpg,F0019/MID2/P00193_face2.jpg
1,F0766/MID1/P08090_face1.jpg,F0766/MID4/P08096_face3.jpg
0,F0766/MID1/P08090_face1.jpg,F0386/MID3/P04090_face1.jpg
1,F0766/MID1/P08090_face1.jpg,F0766/MID4/P08091_face3.jpg
0,F0766/MID1/P08090_face1.jpg,F0209/MID4/P02235_face3.jpg
1,F0552/MID1/P05794_face5.jpg,F0552/MID4/P05784_face1.jpg
0,F0552/MID1/P05794_face5.jpg,F0506/MID6/P05342_face2.jpg
1,F0552/MID1/P05794_face5.jpg,F0552/MID4/P05797_face3.jpg
0,F0552/MID1/P05794_face5.jpg,F0458/MID1/P11284_face1.jpg
1,F0552/MID1/P05794_face5.jpg,F0552/MID4/P05788_face1.jpg
0,F0552/MID1/P05794_face5.jpg,F0090/MID7/P10830_face1.jpg
1,F0552/MID1/P05794_face5.jpg,F0552/MID4/P05785_face3.jpg
0,F0552/MID1/P05794_face5.jpg,F0377/MID4/P03998_face1.jpg
1,F0552/MID1/P05794_face5.jpg,F0552/MID4/P05799_face3.jpg
0,F0552/MID1/P05794_face5.jpg,F0521/MID3/P05484_face2.jpg
1,F0552/MID1/P05794_face5.jpg,F0552/MID4/P05783_face1.jpg
0,F0552/MID1/P05794_face5.jpg,F0835/MID5/P03007_face8.jpg
1,F0552/MID1/P05794_face5.jpg,F0552/MID4/P05793_face3.jpg
0,F0552/MID1/P05794_face5.jpg,F0192/MID4/P02059_face2.jpg
1,F0552/MID1/P05794_face5.jpg,F0552/MID4/P05791_face5.jpg
0,F0552/MID1/P05794_face5.jpg,F0689/MID3/P07194_face4.jpg
1,F0552/MID1/P05794_face5.jpg,F0552/MID4/P05795_face1.jpg
0,F0552/MID1/P05794_face5.jpg,F0483/MID2/P05094_face2.jpg
1,F0552/MID1/P05794_face5.jpg,F0552/MID4/P05794_face4.jpg
0,F0552/MID1/P05794_face5.jpg,F0199/MID6/P02150_face2.jpg
1,F0552/MID1/P05799_face2.jpg,F0552/MID4/P05784_face1.jpg
0,F0552/MID1/P05799_face2.jpg,F0348/MID3/P03699_face4.jpg
1,F0552/MID1/P05799_face2.jpg,F0552/MID4/P05797_face3.jpg
0,F0552/MID1/P05799_face2.jpg,F0335/MID4/P11761_face2.jpg
1,F0552/MID1/P05799_face2.jpg,F0552/MID4/P05788_face1.jpg
0,F0552/MID1/P05799_face2.jpg,F0837/MID6/P08842_face4.jpg
1,F0552/MID1/P05799_face2.jpg,F0552/MID4/P05785_face3.jpg
0,F0552/MID1/P05799_face2.jpg,F0379/MID2/P04011_face1.jpg
1,F0552/MID1/P05799_face2.jpg,F0552/MID4/P05799_face3.jpg
0,F0552/MID1/P05799_face2.jpg,F0331/MID4/P03506_face2.jpg
1,F0552/MID1/P05799_face2.jpg,F0552/MID4/P05783_face1.jpg
0,F0552/MID1/P05799_face2.jpg,F0317/MID5/P03360_face2.jpg
1,F0552/MID1/P05799_face2.jpg,F0552/MID4/P05793_face3.jpg
0,F0552/MID1/P05799_face2.jpg,F0802/MID2/P08481_face1.jpg
1,F0552/MID1/P05799_face2.jpg,F0552/MID4/P05791_face5.jpg
0,F0552/MID1/P05799_face2.jpg,F0099/MID7/P11538_face2.jpg
1,F0552/MID1/P05799_face2.jpg,F0552/MID4/P05795_face1.jpg
0,F0552/MID1/P05799_face2.jpg,F0143/MID6/P01510_face3.jpg
1,F0552/MID1/P05799_face2.jpg,F0552/MID4/P05794_face4.jpg
0,F0552/MID1/P05799_face2.jpg,F0836/MID4/P08833_face4.jpg
1,F0552/MID1/P05792_face2.jpg,F0552/MID4/P05784_face1.jpg
0,F0552/MID1/P05792_face2.jpg,F0778/MID4/P08219_face1.jpg
1,F0552/MID1/P05792_face2.jpg,F0552/MID4/P05797_face3.jpg
0,F0552/MID1/P05792_face2.jpg,F0695/MID4/P07239_face3.jpg
1,F0552/MID1/P05792_face2.jpg,F0552/MID4/P05788_face1.jpg
0,F0552/MID1/P05792_face2.jpg,F0739/MID5/P07738_face1.jpg
1,F0552/MID1/P05792_face2.jpg,F0552/MID4/P05785_face3.jpg
0,F0552/MID1/P05792_face2.jpg,F0269/MID3/P02861_face1.jpg
1,F0552/MID1/P05792_face2.jpg,F0552/MID4/P05799_face3.jpg
0,F0552/MID1/P05792_face2.jpg,F0947/MID3/P09979_face3.jpg
1,F0552/MID1/P05792_face2.jpg,F0552/MID4/P05783_face1.jpg
0,F0552/MID1/P05792_face2.jpg,F0137/MID3/P01449_face1.jpg
1,F0552/MID1/P05792_face2.jpg,F0552/MID4/P05793_face3.jpg
0,F0552/MID1/P05792_face2.jpg,F0932/MID5/P09831_face1.jpg
1,F0552/MID1/P05792_face2.jpg,F0552/MID4/P05791_face5.jpg
0,F0552/MID1/P05792_face2.jpg,F0793/MID4/P08359_face2.jpg
1,F0552/MID1/P05792_face2.jpg,F0552/MID4/P05795_face1.jpg
0,F0552/MID1/P05792_face2.jpg,F0545/MID4/P05723_face2.jpg
1,F0552/MID1/P05792_face2.jpg,F0552/MID4/P05794_face4.jpg
0,F0552/MID1/P05792_face2.jpg,F0531/MID3/P05574_face4.jpg
1,F0552/MID1/P05787_face1.jpg,F0552/MID4/P05784_face1.jpg
0,F0552/MID1/P05787_face1.jpg,F0359/MID1/P03806_face1.jpg
1,F0552/MID1/P05787_face1.jpg,F0552/MID4/P05797_face3.jpg
0,F0552/MID1/P05787_face1.jpg,F0059/MID2/P00592_face3.jpg
1,F0552/MID1/P05787_face1.jpg,F0552/MID4/P05788_face1.jpg
0,F0552/MID1/P05787_face1.jpg,F0256/MID1/P02722_face2.jpg
1,F0552/MID1/P05787_face1.jpg,F0552/MID4/P05785_face3.jpg
0,F0552/MID1/P05787_face1.jpg,F0009/MID1/P10577_face3.jpg
1,F0552/MID1/P05787_face1.jpg,F0552/MID4/P05799_face3.jpg
0,F0552/MID1/P05787_face1.jpg,F0279/MID2/P02969_face2.jpg
1,F0552/MID1/P05787_face1.jpg,F0552/MID4/P05783_face1.jpg
0,F0552/MID1/P05787_face1.jpg,F0012/MID3/P00123_face3.jpg
1,F0552/MID1/P05787_face1.jpg,F0552/MID4/P05793_face3.jpg
0,F0552/MID1/P05787_face1.jpg,F0024/MID5/P00246_face1.jpg
1,F0552/MID1/P05787_face1.jpg,F0552/MID4/P05791_face5.jpg
0,F0552/MID1/P05787_face1.jpg,F0764/MID2/P08046_face1.jpg
1,F0552/MID1/P05787_face1.jpg,F0552/MID4/P05795_face1.jpg
0,F0552/MID1/P05787_face1.jpg,F0999/MID3/P10551_face1.jpg
1,F0552/MID1/P05787_face1.jpg,F0552/MID4/P05794_face4.jpg
0,F0552/MID1/P05787_face1.jpg,F0769/MID5/P08125_face1.jpg
1,F0552/MID1/P05788_face2.jpg,F0552/MID4/P05784_face1.jpg
0,F0552/MID1/P05788_face2.jpg,F0125/MID7/P01296_face1.jpg
1,F0552/MID1/P05788_face2.jpg,F0552/MID4/P05797_face3.jpg
0,F0552/MID1/P05788_face2.jpg,F0391/MID3/P11443_face2.jpg
1,F0552/MID1/P05788_face2.jpg,F0552/MID4/P05788_face1.jpg
0,F0552/MID1/P05788_face2.jpg,F0031/MID5/P00311_face4.jpg
1,F0552/MID1/P05788_face2.jpg,F0552/MID4/P05785_face3.jpg
0,F0552/MID1/P05788_face2.jpg,F0320/MID5/P10561_face1.jpg
1,F0552/MID1/P05788_face2.jpg,F0552/MID4/P05799_face3.jpg
0,F0552/MID1/P05788_face2.jpg,F0013/MID1/P00136_face1.jpg
1,F0552/MID1/P05788_face2.jpg,F0552/MID4/P05783_face1.jpg
0,F0552/MID1/P05788_face2.jpg,F0526/MID4/P05533_face3.jpg
1,F0552/MID1/P05788_face2.jpg,F0552/MID4/P05793_face3.jpg
0,F0552/MID1/P05788_face2.jpg,F0915/MID6/P09655_face3.jpg
1,F0552/MID1/P05788_face2.jpg,F0552/MID4/P05791_face5.jpg
0,F0552/MID1/P05788_face2.jpg,F0486/MID1/P05118_face2.jpg
1,F0552/MID1/P05788_face2.jpg,F0552/MID4/P05795_face1.jpg
0,F0552/MID1/P05788_face2.jpg,F0384/MID3/P04078_face3.jpg
1,F0552/MID1/P05788_face2.jpg,F0552/MID4/P05794_face4.jpg
0,F0552/MID1/P05788_face2.jpg,F0332/MID3/P03520_face6.jpg
1,F0552/MID1/P05800_face2.jpg,F0552/MID4/P05784_face1.jpg
0,F0552/MID1/P05800_face2.jpg,F0585/MID2/P06155_face2.jpg
1,F0552/MID1/P05800_face2.jpg,F0552/MID4/P05797_face3.jpg
0,F0552/MID1/P05800_face2.jpg,F0125/MID5/P01287_face3.jpg
1,F0552/MID1/P05800_face2.jpg,F0552/MID4/P05788_face1.jpg
0,F0552/MID1/P05800_face2.jpg,F0252/MID4/P02677_face1.jpg
1,F0552/MID1/P05800_face2.jpg,F0552/MID4/P05785_face3.jpg
0,F0552/MID1/P05800_face2.jpg,F0061/MID4/P00611_face3.jpg
1,F0552/MID1/P05800_face2.jpg,F0552/MID4/P05799_face3.jpg
0,F0552/MID1/P05800_face2.jpg,F0617/MID4/P06475_face4.jpg
1,F0552/MID1/P05800_face2.jpg,F0552/MID4/P05783_face1.jpg
0,F0552/MID1/P05800_face2.jpg,F0349/MID2/P11100_face1.jpg
1,F0552/MID1/P05800_face2.jpg,F0552/MID4/P05793_face3.jpg
0,F0552/MID1/P05800_face2.jpg,F0902/MID3/P09526_face2.jpg
1,F0552/MID1/P05800_face2.jpg,F0552/MID4/P05791_face5.jpg
0,F0552/MID1/P05800_face2.jpg,F0880/MID3/P09288_face1.jpg
1,F0552/MID1/P05800_face2.jpg,F0552/MID4/P05795_face1.jpg
0,F0552/MID1/P05800_face2.jpg,F0738/MID6/P07731_face1.jpg
1,F0552/MID1/P05800_face2.jpg,F0552/MID4/P05794_face4.jpg
0,F0552/MID1/P05800_face2.jpg,F0426/MID3/P11053_face1.jpg
1,F0552/MID1/P05791_face4.jpg,F0552/MID4/P05784_face1.jpg
0,F0552/MID1/P05791_face4.jpg,F0448/MID5/P04745_face1.jpg
1,F0552/MID1/P05791_face4.jpg,F0552/MID4/P05797_face3.jpg
0,F0552/MID1/P05791_face4.jpg,F0682/MID1/P07111_face3.jpg
1,F0552/MID1/P05791_face4.jpg,F0552/MID4/P05788_face1.jpg
0,F0552/MID1/P05791_face4.jpg,F0197/MID1/P02119_face2.jpg
1,F0552/MID1/P05791_face4.jpg,F0552/MID4/P05785_face3.jpg
0,F0552/MID1/P05791_face4.jpg,F0989/MID7/P10425_face1.jpg
1,F0552/MID1/P05791_face4.jpg,F0552/MID4/P05799_face3.jpg
0,F0552/MID1/P05791_face4.jpg,F0220/MID5/P02335_face1.jpg
1,F0552/MID1/P05791_face4.jpg,F0552/MID4/P05783_face1.jpg
0,F0552/MID1/P05791_face4.jpg,F0729/MID6/P11066_face4.jpg
1,F0552/MID1/P05791_face4.jpg,F0552/MID4/P05793_face3.jpg
0,F0552/MID1/P05791_face4.jpg,F0572/MID1/P06014_face2.jpg
1,F0552/MID1/P05791_face4.jpg,F0552/MID4/P05791_face5.jpg
0,F0552/MID1/P05791_face4.jpg,F0196/MID5/P02112_face1.jpg
1,F0552/MID1/P05791_face4.jpg,F0552/MID4/P05795_face1.jpg
0,F0552/MID1/P05791_face4.jpg,F0282/MID4/P03017_face3.jpg
1,F0552/MID1/P05791_face4.jpg,F0552/MID4/P05794_face4.jpg
0,F0552/MID1/P05791_face4.jpg,F0857/MID3/P09062_face1.jpg
1,F0552/MID1/P05795_face3.jpg,F0552/MID4/P05784_face1.jpg
0,F0552/MID1/P05795_face3.jpg,F0426/MID4/P11041_face2.jpg
1,F0552/MID1/P05795_face3.jpg,F0552/MID4/P05797_face3.jpg
0,F0552/MID1/P05795_face3.jpg,F0868/MID1/P09169_face2.jpg
1,F0552/MID1/P05795_face3.jpg,F0552/MID4/P05788_face1.jpg
0,F0552/MID1/P05795_face3.jpg,F0212/MID5/P02261_face1.jpg
1,F0552/MID1/P05795_face3.jpg,F0552/MID4/P05785_face3.jpg
0,F0552/MID1/P05795_face3.jpg,F0608/MID8/P10791_face2.jpg
1,F0552/MID1/P05795_face3.jpg,F0552/MID4/P05799_face3.jpg
0,F0552/MID1/P05795_face3.jpg,F0130/MID4/P01364_face3.jpg
1,F0552/MID1/P05795_face3.jpg,F0552/MID4/P05783_face1.jpg
0,F0552/MID1/P05795_face3.jpg,F0716/MID1/P07510_face2.jpg
1,F0552/MID1/P05795_face3.jpg,F0552/MID4/P05793_face3.jpg
0,F0552/MID1/P05795_face3.jpg,F0010/MID2/P00110_face2.jpg
1,F0552/MID1/P05795_face3.jpg,F0552/MID4/P05791_face5.jpg
0,F0552/MID1/P05795_face3.jpg,F0475/MID5/P11777_face1.jpg
1,F0552/MID1/P05795_face3.jpg,F0552/MID4/P05795_face1.jpg
0,F0552/MID1/P05795_face3.jpg,F0526/MID3/P05526_face1.jpg
1,F0552/MID1/P05795_face3.jpg,F0552/MID4/P05794_face4.jpg
0,F0552/MID1/P05795_face3.jpg,F0458/MID5/P11280_face1.jpg
1,F0552/MID1/P05793_face2.jpg,F0552/MID4/P05784_face1.jpg
0,F0552/MID1/P05793_face2.jpg,F0616/MID2/P06458_face2.jpg
1,F0552/MID1/P05793_face2.jpg,F0552/MID4/P05797_face3.jpg
0,F0552/MID1/P05793_face2.jpg,F0357/MID2/P03784_face3.jpg
1,F0552/MID1/P05793_face2.jpg,F0552/MID4/P05788_face1.jpg
0,F0552/MID1/P05793_face2.jpg,F0426/MID4/P11040_face1.jpg
1,F0552/MID1/P05793_face2.jpg,F0552/MID4/P05785_face3.jpg
0,F0552/MID1/P05793_face2.jpg,F0799/MID4/P08460_face3.jpg
1,F0552/MID1/P05793_face2.jpg,F0552/MID4/P05799_face3.jpg
0,F0552/MID1/P05793_face2.jpg,F0779/MID2/P08225_face1.jpg
1,F0552/MID1/P05793_face2.jpg,F0552/MID4/P05783_face1.jpg
0,F0552/MID1/P05793_face2.jpg,F0766/MID6/P08092_face9.jpg
1,F0552/MID1/P05793_face2.jpg,F0552/MID4/P05793_face3.jpg
0,F0552/MID1/P05793_face2.jpg,F0486/MID1/P05118_face2.jpg
1,F0552/MID1/P05793_face2.jpg,F0552/MID4/P05791_face5.jpg
0,F0552/MID1/P05793_face2.jpg,F0201/MID2/P02168_face1.jpg
1,F0552/MID1/P05793_face2.jpg,F0552/MID4/P05795_face1.jpg
0,F0552/MID1/P05793_face2.jpg,F0998/MID4/P10542_face1.jpg
1,F0552/MID1/P05793_face2.jpg,F0552/MID4/P05794_face4.jpg
0,F0552/MID1/P05793_face2.jpg,F0455/MID1/P04805_face2.jpg
1,F0552/MID1/P05789_face3.jpg,F0552/MID4/P05784_face1.jpg
0,F0552/MID1/P05789_face3.jpg,F0209/MID1/P02235_face1.jpg
1,F0552/MID1/P05789_face3.jpg,F0552/MID4/P05797_face3.jpg
0,F0552/MID1/P05789_face3.jpg,F0553/MID1/P05801_face1.jpg
1,F0552/MID1/P05789_face3.jpg,F0552/MID4/P05788_face1.jpg
0,F0552/MID1/P05789_face3.jpg,F0671/MID2/P07007_face1.jpg
1,F0552/MID1/P05789_face3.jpg,F0552/MID4/P05785_face3.jpg
0,F0552/MID1/P05789_face3.jpg,F0003/MID3/P00025_face1.jpg
1,F0552/MID1/P05789_face3.jpg,F0552/MID4/P05799_face3.jpg
0,F0552/MID1/P05789_face3.jpg,F0249/MID5/P02641_face1.jpg
1,F0552/MID1/P05789_face3.jpg,F0552/MID4/P05783_face1.jpg
0,F0552/MID1/P05789_face3.jpg,F0013/MID7/P00138_face6.jpg
1,F0552/MID1/P05789_face3.jpg,F0552/MID4/P05793_face3.jpg
0,F0552/MID1/P05789_face3.jpg,F0313/MID2/P03327_face2.jpg
1,F0552/MID1/P05789_face3.jpg,F0552/MID4/P05791_face5.jpg
0,F0552/MID1/P05789_face3.jpg,F0295/MID3/P03135_face1.jpg
1,F0552/MID1/P05789_face3.jpg,F0552/MID4/P05795_face1.jpg
0,F0552/MID1/P05789_face3.jpg,F0755/MID3/P07976_face1.jpg
1,F0552/MID1/P05789_face3.jpg,F0552/MID4/P05794_face4.jpg
0,F0552/MID1/P05789_face3.jpg,F0621/MID2/P06518_face2.jpg
1,F0552/MID1/P05785_face4.jpg,F0552/MID4/P05784_face1.jpg
0,F0552/MID1/P05785_face4.jpg,F0060/MID2/P00607_face1.jpg
1,F0552/MID1/P05785_face4.jpg,F0552/MID4/P05797_face3.jpg
0,F0552/MID1/P05785_face4.jpg,F0806/MID1/P08535_face1.jpg
1,F0552/MID1/P05785_face4.jpg,F0552/MID4/P05788_face1.jpg
0,F0552/MID1/P05785_face4.jpg,F1000/MID8/P10578_face1.jpg
1,F0552/MID1/P05785_face4.jpg,F0552/MID4/P05785_face3.jpg
0,F0552/MID1/P05785_face4.jpg,F0396/MID2/P04174_face4.jpg
1,F0552/MID1/P05785_face4.jpg,F0552/MID4/P05799_face3.jpg
0,F0552/MID1/P05785_face4.jpg,F0742/MID5/P07773_face2.jpg
1,F0552/MID1/P05785_face4.jpg,F0552/MID4/P05783_face1.jpg
0,F0552/MID1/P05785_face4.jpg,F0214/MID3/P02277_face3.jpg
1,F0552/MID1/P05785_face4.jpg,F0552/MID4/P05793_face3.jpg
0,F0552/MID1/P05785_face4.jpg,F0141/MID1/P01488_face2.jpg
1,F0552/MID1/P05785_face4.jpg,F0552/MID4/P05791_face5.jpg
0,F0552/MID1/P05785_face4.jpg,F0035/MID4/P00368_face1.jpg
1,F0552/MID1/P05785_face4.jpg,F0552/MID4/P05795_face1.jpg
0,F0552/MID1/P05785_face4.jpg,F0799/MID4/P08460_face3.jpg
1,F0552/MID1/P05785_face4.jpg,F0552/MID4/P05794_face4.jpg
0,F0552/MID1/P05785_face4.jpg,F0232/MID3/P02458_face6.jpg
1,F0552/MID1/P05783_face2.jpg,F0552/MID4/P05784_face1.jpg
0,F0552/MID1/P05783_face2.jpg,F0903/MID1/P09537_face2.jpg
1,F0552/MID1/P05783_face2.jpg,F0552/MID4/P05797_face3.jpg
0,F0552/MID1/P05783_face2.jpg,F0076/MID2/P00775_face2.jpg
1,F0552/MID1/P05783_face2.jpg,F0552/MID4/P05788_face1.jpg
0,F0552/MID1/P05783_face2.jpg,F0328/MID1/P03476_face1.jpg
1,F0552/MID1/P05783_face2.jpg,F0552/MID4/P05785_face3.jpg
0,F0552/MID1/P05783_face2.jpg,F0164/MID4/P01757_face1.jpg
1,F0552/MID1/P05783_face2.jpg,F0552/MID4/P05799_face3.jpg
0,F0552/MID1/P05783_face2.jpg,F0356/MID5/P03781_face1.jpg
1,F0552/MID1/P05783_face2.jpg,F0552/MID4/P05783_face1.jpg
0,F0552/MID1/P05783_face2.jpg,F0283/MID4/P03024_face3.jpg
1,F0552/MID1/P05783_face2.jpg,F0552/MID4/P05793_face3.jpg
0,F0552/MID1/P05783_face2.jpg,F0611/MID4/P06432_face1.jpg
1,F0552/MID1/P05783_face2.jpg,F0552/MID4/P05791_face5.jpg
0,F0552/MID1/P05783_face2.jpg,F0975/MID3/P10274_face1.jpg
1,F0552/MID1/P05783_face2.jpg,F0552/MID4/P05795_face1.jpg
0,F0552/MID1/P05783_face2.jpg,F0127/MID1/P01321_face2.jpg
1,F0552/MID1/P05783_face2.jpg,F0552/MID4/P05794_face4.jpg
0,F0552/MID1/P05783_face2.jpg,F0851/MID3/P08995_face2.jpg
1,F0552/MID1/P05798_face3.jpg,F0552/MID4/P05784_face1.jpg
0,F0552/MID1/P05798_face3.jpg,F0824/MID1/P08715_face1.jpg
1,F0552/MID1/P05798_face3.jpg,F0552/MID4/P05797_face3.jpg
0,F0552/MID1/P05798_face3.jpg,F0875/MID1/P09239_face1.jpg
1,F0552/MID1/P05798_face3.jpg,F0552/MID4/P05788_face1.jpg
0,F0552/MID1/P05798_face3.jpg,F0507/MID4/P05356_face2.jpg
1,F0552/MID1/P05798_face3.jpg,F0552/MID4/P05785_face3.jpg
0,F0552/MID1/P05798_face3.jpg,F0911/MID5/P09623_face1.jpg
1,F0552/MID1/P05798_face3.jpg,F0552/MID4/P05799_face3.jpg
0,F0552/MID1/P05798_face3.jpg,F0729/MID5/P11058_face2.jpg
1,F0552/MID1/P05798_face3.jpg,F0552/MID4/P05783_face1.jpg
0,F0552/MID1/P05798_face3.jpg,F0929/MID3/P09798_face3.jpg
1,F0552/MID1/P05798_face3.jpg,F0552/MID4/P05793_face3.jpg
0,F0552/MID1/P05798_face3.jpg,F0816/MID5/P08636_face1.jpg
1,F0552/MID1/P05798_face3.jpg,F0552/MID4/P05791_face5.jpg
0,F0552/MID1/P05798_face3.jpg,F0304/MID2/P03242_face1.jpg
1,F0552/MID1/P05798_face3.jpg,F0552/MID4/P05795_face1.jpg
0,F0552/MID1/P05798_face3.jpg,F0795/MID5/P12227_face1.jpg
1,F0552/MID1/P05798_face3.jpg,F0552/MID4/P05794_face4.jpg
0,F0552/MID1/P05798_face3.jpg,F0363/MID5/P03850_face2.jpg
1,F0552/MID1/P05797_face1.jpg,F0552/MID4/P05784_face1.jpg
0,F0552/MID1/P05797_face1.jpg,F0750/MID6/P07858_face2.jpg
1,F0552/MID1/P05797_face1.jpg,F0552/MID4/P05797_face3.jpg
0,F0552/MID1/P05797_face1.jpg,F0015/MID5/P00161_face1.jpg
1,F0552/MID1/P05797_face1.jpg,F0552/MID4/P05788_face1.jpg
0,F0552/MID1/P05797_face1.jpg,F0400/MID8/P04222_face3.jpg
1,F0552/MID1/P05797_face1.jpg,F0552/MID4/P05785_face3.jpg
0,F0552/MID1/P05797_face1.jpg,F0972/MID2/P10233_face2.jpg
1,F0552/MID1/P05797_face1.jpg,F0552/MID4/P05799_face3.jpg
0,F0552/MID1/P05797_face1.jpg,F0664/MID6/P12397_face.jpg
1,F0552/MID1/P05797_face1.jpg,F0552/MID4/P05783_face1.jpg
0,F0552/MID1/P05797_face1.jpg,F0806/MID4/P08543_face1.jpg
1,F0552/MID1/P05797_face1.jpg,F0552/MID4/P05793_face3.jpg
0,F0552/MID1/P05797_face1.jpg,F0718/MID4/P07525_face4.jpg
1,F0552/MID1/P05797_face1.jpg,F0552/MID4/P05791_face5.jpg
0,F0552/MID1/P05797_face1.jpg,F0417/MID2/P04378_face1.jpg
1,F0552/MID1/P05797_face1.jpg,F0552/MID4/P05795_face1.jpg
0,F0552/MID1/P05797_face1.jpg,F0872/MID2/P09209_face5.jpg
1,F0552/MID1/P05797_face1.jpg,F0552/MID4/P05794_face4.jpg
0,F0552/MID1/P05797_face1.jpg,F0831/MID6/P08784_face1.jpg
1,F0552/MID1/P05790_face3.jpg,F0552/MID4/P05784_face1.jpg
0,F0552/MID1/P05790_face3.jpg,F0280/MID1/P02984_face2.jpg
1,F0552/MID1/P05790_face3.jpg,F0552/MID4/P05797_face3.jpg
0,F0552/MID1/P05790_face3.jpg,F0783/MID1/P08264_face2.jpg
1,F0552/MID1/P05790_face3.jpg,F0552/MID4/P05788_face1.jpg
0,F0552/MID1/P05790_face3.jpg,F0160/MID6/P01715_face1.jpg
1,F0552/MID1/P05790_face3.jpg,F0552/MID4/P05785_face3.jpg
0,F0552/MID1/P05790_face3.jpg,F0369/MID2/P03907_face2.jpg
1,F0552/MID1/P05790_face3.jpg,F0552/MID4/P05799_face3.jpg
0,F0552/MID1/P05790_face3.jpg,F0406/MID3/P04272_face3.jpg
1,F0552/MID1/P05790_face3.jpg,F0552/MID4/P05783_face1.jpg
0,F0552/MID1/P05790_face3.jpg,F0478/MID5/P05023_face5.jpg
1,F0552/MID1/P05790_face3.jpg,F0552/MID4/P05793_face3.jpg
0,F0552/MID1/P05790_face3.jpg,F0949/MID1/P10004_face2.jpg
1,F0552/MID1/P05790_face3.jpg,F0552/MID4/P05791_face5.jpg
0,F0552/MID1/P05790_face3.jpg,F0534/MID2/P05615_face1.jpg
1,F0552/MID1/P05790_face3.jpg,F0552/MID4/P05795_face1.jpg
0,F0552/MID1/P05790_face3.jpg,F0238/MID4/P02523_face2.jpg
1,F0552/MID1/P05790_face3.jpg,F0552/MID4/P05794_face4.jpg
0,F0552/MID1/P05790_face3.jpg,F0575/MID1/P06044_face2.jpg
1,F0552/MID1/P05794_face5.jpg,F0552/MID6/P05799_face4.jpg
0,F0552/MID1/P05794_face5.jpg,F0961/MID1/P10132_face3.jpg
1,F0552/MID1/P05794_face5.jpg,F0552/MID6/P05793_face5.jpg
0,F0552/MID1/P05794_face5.jpg,F0746/MID2/P07815_face1.jpg
1,F0552/MID1/P05794_face5.jpg,F0552/MID6/P05784_face2.jpg
0,F0552/MID1/P05794_face5.jpg,F0144/MID8/P01542_face2.jpg
1,F0552/MID1/P05794_face5.jpg,F0552/MID6/P05795_face2.jpg
0,F0552/MID1/P05794_face5.jpg,F0536/MID4/P05633_face2.jpg
1,F0552/MID1/P05794_face5.jpg,F0552/MID6/P05797_face2.jpg
0,F0552/MID1/P05794_face5.jpg,F0587/MID3/P06182_face1.jpg
1,F0552/MID1/P05799_face2.jpg,F0552/MID6/P05799_face4.jpg
0,F0552/MID1/P05799_face2.jpg,F0578/MID5/P10599_face2.jpg
1,F0552/MID1/P05799_face2.jpg,F0552/MID6/P05793_face5.jpg
0,F0552/MID1/P05799_face2.jpg,F0997/MID4/P10531_face3.jpg
1,F0552/MID1/P05799_face2.jpg,F0552/MID6/P05784_face2.jpg
0,F0552/MID1/P05799_face2.jpg,F0886/MID7/P09346_face2.jpg
1,F0552/MID1/P05799_face2.jpg,F0552/MID6/P05795_face2.jpg
0,F0552/MID1/P05799_face2.jpg,F0977/MID1/P10293_face2.jpg
1,F0552/MID1/P05799_face2.jpg,F0552/MID6/P05797_face2.jpg
0,F0552/MID1/P05799_face2.jpg,F0961/MID3/P10130_face2.jpg
1,F0552/MID1/P05792_face2.jpg,F0552/MID6/P05799_face4.jpg
0,F0552/MID1/P05792_face2.jpg,F0505/MID5/P05333_face4.jpg
1,F0552/MID1/P05792_face2.jpg,F0552/MID6/P05793_face5.jpg
0,F0552/MID1/P05792_face2.jpg,F0057/MID1/P00559_face2.jpg
1,F0552/MID1/P05792_face2.jpg,F0552/MID6/P05784_face2.jpg
0,F0552/MID1/P05792_face2.jpg,F0580/MID3/P06096_face2.jpg
1,F0552/MID1/P05792_face2.jpg,F0552/MID6/P05795_face2.jpg
0,F0552/MID1/P05792_face2.jpg,F0980/MID3/P10324_face3.jpg
1,F0552/MID1/P05792_face2.jpg,F0552/MID6/P05797_face2.jpg
0,F0552/MID1/P05792_face2.jpg,F0017/MID4/P00173_face4.jpg
1,F0552/MID1/P05787_face1.jpg,F0552/MID6/P05799_face4.jpg
0,F0552/MID1/P05787_face1.jpg,F0822/MID3/P08691_face2.jpg
1,F0552/MID1/P05787_face1.jpg,F0552/MID6/P05793_face5.jpg
0,F0552/MID1/P05787_face1.jpg,F0759/MID8/P08010_face4.jpg
1,F0552/MID1/P05787_face1.jpg,F0552/MID6/P05784_face2.jpg
0,F0552/MID1/P05787_face1.jpg,F0980/MID4/P10328_face2.jpg
1,F0552/MID1/P05787_face1.jpg,F0552/MID6/P05795_face2.jpg
0,F0552/MID1/P05787_face1.jpg,F0284/MID6/P03040_face2.jpg
1,F0552/MID1/P05787_face1.jpg,F0552/MID6/P05797_face2.jpg
0,F0552/MID1/P05787_face1.jpg,F0983/MID3/P10361_face1.jpg
1,F0552/MID1/P05788_face2.jpg,F0552/MID6/P05799_face4.jpg
0,F0552/MID1/P05788_face2.jpg,F0924/MID3/P09748_face1.jpg
1,F0552/MID1/P05788_face2.jpg,F0552/MID6/P05793_face5.jpg
0,F0552/MID1/P05788_face2.jpg,F0304/MID4/P03244_face3.jpg
1,F0552/MID1/P05788_face2.jpg,F0552/MID6/P05784_face2.jpg
0,F0552/MID1/P05788_face2.jpg,F0786/MID2/P08294_face2.jpg
1,F0552/MID1/P05788_face2.jpg,F0552/MID6/P05795_face2.jpg
0,F0552/MID1/P05788_face2.jpg,F0621/MID4/P06516_face2.jpg
1,F0552/MID1/P05788_face2.jpg,F0552/MID6/P05797_face2.jpg
0,F0552/MID1/P05788_face2.jpg,F0008/MID7/P00091_face1.jpg
1,F0552/MID1/P05800_face2.jpg,F0552/MID6/P05799_face4.jpg
0,F0552/MID1/P05800_face2.jpg,F0420/MID4/P12281_face3.jpg
1,F0552/MID1/P05800_face2.jpg,F0552/MID6/P05793_face5.jpg
0,F0552/MID1/P05800_face2.jpg,F0034/MID2/P00350_face3.jpg
1,F0552/MID1/P05800_face2.jpg,F0552/MID6/P05784_face2.jpg
0,F0552/MID1/P05800_face2.jpg,F0122/MID4/P01268_face1.jpg
1,F0552/MID1/P05800_face2.jpg,F0552/MID6/P05795_face2.jpg
0,F0552/MID1/P05800_face2.jpg,F0975/MID3/P10274_face1.jpg
1,F0552/MID1/P05800_face2.jpg,F0552/MID6/P05797_face2.jpg
0,F0552/MID1/P05800_face2.jpg,F0497/MID3/P05260_face1.jpg
1,F0552/MID1/P05791_face4.jpg,F0552/MID6/P05799_face4.jpg
0,F0552/MID1/P05791_face4.jpg,F0328/MID2/P03478_face4.jpg
1,F0552/MID1/P05791_face4.jpg,F0552/MID6/P05793_face5.jpg
0,F0552/MID1/P05791_face4.jpg,F0756/MID1/P11251_face2.jpg
1,F0552/MID1/P05791_face4.jpg,F0552/MID6/P05784_face2.jpg
0,F0552/MID1/P05791_face4.jpg,F0821/MID4/P08683_face3.jpg
1,F0552/MID1/P05791_face4.jpg,F0552/MID6/P05795_face2.jpg
0,F0552/MID1/P05791_face4.jpg,F0942/MID1/P09925_face2.jpg
1,F0552/MID1/P05791_face4.jpg,F0552/MID6/P05797_face2.jpg
0,F0552/MID1/P05791_face4.jpg,F0948/MID4/P09993_face1.jpg
1,F0552/MID1/P05795_face3.jpg,F0552/MID6/P05799_face4.jpg
0,F0552/MID1/P05795_face3.jpg,F0106/MID4/P01090_face1.jpg
1,F0552/MID1/P05795_face3.jpg,F0552/MID6/P05793_face5.jpg
0,F0552/MID1/P05795_face3.jpg,F0281/MID4/P02994_face2.jpg
1,F0552/MID1/P05795_face3.jpg,F0552/MID6/P05784_face2.jpg
0,F0552/MID1/P05795_face3.jpg,F0332/MID5/P03512_face3.jpg
1,F0552/MID1/P05795_face3.jpg,F0552/MID6/P05795_face2.jpg
0,F0552/MID1/P05795_face3.jpg,F0093/MID3/P00958_face1.jpg
1,F0552/MID1/P05795_face3.jpg,F0552/MID6/P05797_face2.jpg
0,F0552/MID1/P05795_face3.jpg,F0479/MID3/P05043_face3.jpg
1,F0552/MID1/P05793_face2.jpg,F0552/MID6/P05799_face4.jpg
0,F0552/MID1/P05793_face2.jpg,F0299/MID3/P03187_face2.jpg
1,F0552/MID1/P05793_face2.jpg,F0552/MID6/P05793_face5.jpg
0,F0552/MID1/P05793_face2.jpg,F0764/MID4/P08055_face1.jpg
1,F0552/MID1/P05793_face2.jpg,F0552/MID6/P05784_face2.jpg
0,F0552/MID1/P05793_face2.jpg,F0341/MID3/P03618_face2.jpg
1,F0552/MID1/P05793_face2.jpg,F0552/MID6/P05795_face2.jpg
0,F0552/MID1/P05793_face2.jpg,F0363/MID2/P03852_face1.jpg
1,F0552/MID1/P05793_face2.jpg,F0552/MID6/P05797_face2.jpg
0,F0552/MID1/P05793_face2.jpg,F0005/MID1/P00055_face1.jpg
1,F0552/MID1/P05789_face3.jpg,F0552/MID6/P05799_face4.jpg
0,F0552/MID1/P05789_face3.jpg,F0805/MID8/P08527_face2.jpg
1,F0552/MID1/P05789_face3.jpg,F0552/MID6/P05793_face5.jpg
0,F0552/MID1/P05789_face3.jpg,F0505/MID2/P05332_face2.jpg
1,F0552/MID1/P05789_face3.jpg,F0552/MID6/P05784_face2.jpg
0,F0552/MID1/P05789_face3.jpg,F0186/MID3/P01992_face2.jpg
1,F0552/MID1/P05789_face3.jpg,F0552/MID6/P05795_face2.jpg
0,F0552/MID1/P05789_face3.jpg,F0350/MID3/P03715_face3.jpg
1,F0552/MID1/P05789_face3.jpg,F0552/MID6/P05797_face2.jpg
0,F0552/MID1/P05789_face3.jpg,F0733/MID3/P07686_face3.jpg
1,F0552/MID1/P05785_face4.jpg,F0552/MID6/P05799_face4.jpg
0,F0552/MID1/P05785_face4.jpg,F0386/MID2/P04091_face1.jpg
1,F0552/MID1/P05785_face4.jpg,F0552/MID6/P05793_face5.jpg
0,F0552/MID1/P05785_face4.jpg,F0008/MID10/P00099_face2.jpg
1,F0552/MID1/P05785_face4.jpg,F0552/MID6/P05784_face2.jpg
0,F0552/MID1/P05785_face4.jpg,F0044/MID2/P00437_face2.jpg
1,F0552/MID1/P05785_face4.jpg,F0552/MID6/P05795_face2.jpg
0,F0552/MID1/P05785_face4.jpg,F0121/MID1/P01255_face2.jpg
1,F0552/MID1/P05785_face4.jpg,F0552/MID6/P05797_face2.jpg
0,F0552/MID1/P05785_face4.jpg,F0906/MID3/P09572_face1.jpg
1,F0552/MID1/P05783_face2.jpg,F0552/MID6/P05799_face4.jpg
0,F0552/MID1/P05783_face2.jpg,F0750/MID8/P07860_face4.jpg
1,F0552/MID1/P05783_face2.jpg,F0552/MID6/P05793_face5.jpg
0,F0552/MID1/P05783_face2.jpg,F0705/MID3/P07380_face1.jpg
1,F0552/MID1/P05783_face2.jpg,F0552/MID6/P05784_face2.jpg
0,F0552/MID1/P05783_face2.jpg,F0039/MID1/P00406_face1.jpg
1,F0552/MID1/P05783_face2.jpg,F0552/MID6/P05795_face2.jpg
0,F0552/MID1/P05783_face2.jpg,F0531/MID3/P05574_face4.jpg
1,F0552/MID1/P05783_face2.jpg,F0552/MID6/P05797_face2.jpg
0,F0552/MID1/P05783_face2.jpg,F0185/MID5/P01986_face1.jpg
1,F0552/MID1/P05798_face3.jpg,F0552/MID6/P05799_face4.jpg
0,F0552/MID1/P05798_face3.jpg,F0216/MID4/P02289_face5.jpg
1,F0552/MID1/P05798_face3.jpg,F0552/MID6/P05793_face5.jpg
0,F0552/MID1/P05798_face3.jpg,F0275/MID2/P02940_face2.jpg
1,F0552/MID1/P05798_face3.jpg,F0552/MID6/P05784_face2.jpg
0,F0552/MID1/P05798_face3.jpg,F0710/MID2/P07426_face1.jpg
1,F0552/MID1/P05798_face3.jpg,F0552/MID6/P05795_face2.jpg
0,F0552/MID1/P05798_face3.jpg,F0540/MID2/P05668_face3.jpg
1,F0552/MID1/P05798_face3.jpg,F0552/MID6/P05797_face2.jpg
0,F0552/MID1/P05798_face3.jpg,F0048/MID9/P00477_face3.jpg
1,F0552/MID1/P05797_face1.jpg,F0552/MID6/P05799_face4.jpg
0,F0552/MID1/P05797_face1.jpg,F0153/MID6/P01646_face1.jpg
1,F0552/MID1/P05797_face1.jpg,F0552/MID6/P05793_face5.jpg
0,F0552/MID1/P05797_face1.jpg,F0873/MID6/P09220_face5.jpg
1,F0552/MID1/P05797_face1.jpg,F0552/MID6/P05784_face2.jpg
0,F0552/MID1/P05797_face1.jpg,F0313/MID2/P03330_face2.jpg
1,F0552/MID1/P05797_face1.jpg,F0552/MID6/P05795_face2.jpg
0,F0552/MID1/P05797_face1.jpg,F0536/MID5/P05632_face3.jpg
1,F0552/MID1/P05797_face1.jpg,F0552/MID6/P05797_face2.jpg
0,F0552/MID1/P05797_face1.jpg,F0533/MID2/P05600_face3.jpg
1,F0552/MID1/P05790_face3.jpg,F0552/MID6/P05799_face4.jpg
0,F0552/MID1/P05790_face3.jpg,F0502/MID1/P05309_face2.jpg
1,F0552/MID1/P05790_face3.jpg,F0552/MID6/P05793_face5.jpg
0,F0552/MID1/P05790_face3.jpg,F0264/MID10/P10590_face1.jpg
1,F0552/MID1/P05790_face3.jpg,F0552/MID6/P05784_face2.jpg
0,F0552/MID1/P05790_face3.jpg,F0383/MID1/P04071_face2.jpg
1,F0552/MID1/P05790_face3.jpg,F0552/MID6/P05795_face2.jpg
0,F0552/MID1/P05790_face3.jpg,F0458/MID5/P11280_face1.jpg
1,F0552/MID1/P05790_face3.jpg,F0552/MID6/P05797_face2.jpg
0,F0552/MID1/P05790_face3.jpg,F0313/MID2/P03328_face2.jpg
1,F0552/MID11/P05800_face1.jpg,F0552/MID8/P05790_face2.jpg
0,F0552/MID11/P05800_face1.jpg,F0103/MID3/P01064_face1.jpg
1,F0552/MID11/P05800_face1.jpg,F0552/MID8/P05789_face2.jpg
0,F0552/MID11/P05800_face1.jpg,F0585/MID2/P06155_face2.jpg
1,F0180/MID1/P01927_face4.jpg,F0180/MID3/P01927_face2.jpg
0,F0180/MID1/P01927_face4.jpg,F0300/MID2/P03201_face3.jpg
1,F0180/MID1/P01927_face4.jpg,F0180/MID3/P01931_face1.jpg
0,F0180/MID1/P01927_face4.jpg,F0986/MID2/P10383_face1.jpg
1,F0180/MID1/P01927_face4.jpg,F0180/MID3/P01933_face2.jpg
0,F0180/MID1/P01927_face4.jpg,F0273/MID2/P02922_face2.jpg
1,F0180/MID1/P01927_face4.jpg,F0180/MID3/P01925_face4.jpg
0,F0180/MID1/P01927_face4.jpg,F0240/MID3/P02542_face1.jpg
1,F0180/MID1/P01927_face4.jpg,F0180/MID3/P01930_face2.jpg
0,F0180/MID1/P01927_face4.jpg,F0594/MID2/P06225_face1.jpg
1,F0180/MID1/P01927_face4.jpg,F0180/MID3/P01932_face3.jpg
0,F0180/MID1/P01927_face4.jpg,F0038/MID5/P00400_face1.jpg
1,F0180/MID1/P01927_face4.jpg,F0180/MID3/P01929_face1.jpg
0,F0180/MID1/P01927_face4.jpg,F0095/MID2/P00978_face2.jpg
1,F0180/MID1/P01927_face4.jpg,F0180/MID3/P01924_face4.jpg
0,F0180/MID1/P01927_face4.jpg,F0136/MID1/P01437_face2.jpg
1,F0180/MID1/P01927_face4.jpg,F0180/MID3/P01928_face1.jpg
0,F0180/MID1/P01927_face4.jpg,F0697/MID3/P07269_face1.jpg
1,F0180/MID1/P01927_face4.jpg,F0180/MID3/P01926_face1.jpg
0,F0180/MID1/P01927_face4.jpg,F0503/MID7/P05316_face4.jpg
1,F0180/MID1/P01924_face1.jpg,F0180/MID3/P01927_face2.jpg
0,F0180/MID1/P01924_face1.jpg,F0553/MID3/P05810_face2.jpg
1,F0180/MID1/P01924_face1.jpg,F0180/MID3/P01931_face1.jpg
0,F0180/MID1/P01924_face1.jpg,F0266/MID3/P02835_face2.jpg
1,F0180/MID1/P01924_face1.jpg,F0180/MID3/P01933_face2.jpg
0,F0180/MID1/P01924_face1.jpg,F0067/MID2/P00684_face2.jpg
1,F0180/MID1/P01924_face1.jpg,F0180/MID3/P01925_face4.jpg
0,F0180/MID1/P01924_face1.jpg,F0778/MID3/P08218_face2.jpg
1,F0180/MID1/P01924_face1.jpg,F0180/MID3/P01930_face2.jpg
0,F0180/MID1/P01924_face1.jpg,F0098/MID1/P01013_face3.jpg
1,F0180/MID1/P01924_face1.jpg,F0180/MID3/P01932_face3.jpg
0,F0180/MID1/P01924_face1.jpg,F0098/MID7/P01013_face2.jpg
1,F0180/MID1/P01924_face1.jpg,F0180/MID3/P01929_face1.jpg
0,F0180/MID1/P01924_face1.jpg,F0169/MID1/P01817_face1.jpg
1,F0180/MID1/P01924_face1.jpg,F0180/MID3/P01924_face4.jpg
0,F0180/MID1/P01924_face1.jpg,F0620/MID2/P06511_face2.jpg
1,F0180/MID1/P01924_face1.jpg,F0180/MID3/P01928_face1.jpg
0,F0180/MID1/P01924_face1.jpg,F0501/MID3/P05293_face5.jpg
1,F0180/MID1/P01924_face1.jpg,F0180/MID3/P01926_face1.jpg
0,F0180/MID1/P01924_face1.jpg,F0780/MID4/P08235_face2.jpg
1,F0180/MID1/P01925_face2.jpg,F0180/MID3/P01927_face2.jpg
0,F0180/MID1/P01925_face2.jpg,F0415/MID2/P04347_face1.jpg
1,F0180/MID1/P01925_face2.jpg,F0180/MID3/P01931_face1.jpg
0,F0180/MID1/P01925_face2.jpg,F0098/MID4/P01010_face2.jpg
1,F0180/MID1/P01925_face2.jpg,F0180/MID3/P01933_face2.jpg
0,F0180/MID1/P01925_face2.jpg,F0114/MID5/P01186_face1.jpg
1,F0180/MID1/P01925_face2.jpg,F0180/MID3/P01925_face4.jpg
0,F0180/MID1/P01925_face2.jpg,F0011/MID1/P00114_face3.jpg
1,F0180/MID1/P01925_face2.jpg,F0180/MID3/P01930_face2.jpg
0,F0180/MID1/P01925_face2.jpg,F0792/MID2/P08343_face2.jpg
1,F0180/MID1/P01925_face2.jpg,F0180/MID3/P01932_face3.jpg
0,F0180/MID1/P01925_face2.jpg,F0765/MID1/P08057_face1.jpg
1,F0180/MID1/P01925_face2.jpg,F0180/MID3/P01929_face1.jpg
0,F0180/MID1/P01925_face2.jpg,F0398/MID8/P04196_face5.jpg
1,F0180/MID1/P01925_face2.jpg,F0180/MID3/P01924_face4.jpg
0,F0180/MID1/P01925_face2.jpg,F0327/MID4/P03467_face2.jpg
1,F0180/MID1/P01925_face2.jpg,F0180/MID3/P01928_face1.jpg
0,F0180/MID1/P01925_face2.jpg,F0031/MID5/P00317_face4.jpg
1,F0180/MID1/P01925_face2.jpg,F0180/MID3/P01926_face1.jpg
0,F0180/MID1/P01925_face2.jpg,F0926/MID6/P09772_face1.jpg
1,F0180/MID1/P01932_face2.jpg,F0180/MID3/P01927_face2.jpg
0,F0180/MID1/P01932_face2.jpg,F0883/MID2/P09316_face1.jpg
1,F0180/MID1/P01932_face2.jpg,F0180/MID3/P01931_face1.jpg
0,F0180/MID1/P01932_face2.jpg,F0546/MID3/P05730_face1.jpg
1,F0180/MID1/P01932_face2.jpg,F0180/MID3/P01933_face2.jpg
0,F0180/MID1/P01932_face2.jpg,F0162/MID4/P01733_face1.jpg
1,F0180/MID1/P01932_face2.jpg,F0180/MID3/P01925_face4.jpg
0,F0180/MID1/P01932_face2.jpg,F0962/MID2/P10136_face1.jpg
1,F0180/MID1/P01932_face2.jpg,F0180/MID3/P01930_face2.jpg
0,F0180/MID1/P01932_face2.jpg,F0017/MID3/P00174_face3.jpg
1,F0180/MID1/P01932_face2.jpg,F0180/MID3/P01932_face3.jpg
0,F0180/MID1/P01932_face2.jpg,F0240/MID3/P02542_face1.jpg
1,F0180/MID1/P01932_face2.jpg,F0180/MID3/P01929_face1.jpg
0,F0180/MID1/P01932_face2.jpg,F0267/MID3/P11333_face1.jpg
1,F0180/MID1/P01932_face2.jpg,F0180/MID3/P01924_face4.jpg
0,F0180/MID1/P01932_face2.jpg,F0287/MID3/P03063_face1.jpg
1,F0180/MID1/P01932_face2.jpg,F0180/MID3/P01928_face1.jpg
0,F0180/MID1/P01932_face2.jpg,F0112/MID2/P01169_face1.jpg
1,F0180/MID1/P01932_face2.jpg,F0180/MID3/P01926_face1.jpg
0,F0180/MID1/P01932_face2.jpg,F0913/MID2/P09635_face2.jpg
1,F0180/MID1/P01931_face4.jpg,F0180/MID3/P01927_face2.jpg
0,F0180/MID1/P01931_face4.jpg,F0038/MID3/P00394_face3.jpg
1,F0180/MID1/P01931_face4.jpg,F0180/MID3/P01931_face1.jpg
0,F0180/MID1/P01931_face4.jpg,F0922/MID2/P09734_face4.jpg
1,F0180/MID1/P01931_face4.jpg,F0180/MID3/P01933_face2.jpg
0,F0180/MID1/P01931_face4.jpg,F0544/MID4/P05708_face4.jpg
1,F0180/MID1/P01931_face4.jpg,F0180/MID3/P01925_face4.jpg
0,F0180/MID1/P01931_face4.jpg,F0577/MID5/P06072_face2.jpg
1,F0180/MID1/P01931_face4.jpg,F0180/MID3/P01930_face2.jpg
0,F0180/MID1/P01931_face4.jpg,F0227/MID4/P02422_face2.jpg
1,F0180/MID1/P01931_face4.jpg,F0180/MID3/P01932_face3.jpg
0,F0180/MID1/P01931_face4.jpg,F0167/MID2/P01793_face2.jpg
1,F0180/MID1/P01931_face4.jpg,F0180/MID3/P01929_face1.jpg
0,F0180/MID1/P01931_face4.jpg,F0905/MID4/P09559_face1.jpg
1,F0180/MID1/P01931_face4.jpg,F0180/MID3/P01924_face4.jpg
0,F0180/MID1/P01931_face4.jpg,F0592/MID1/P06218_face1.jpg
1,F0180/MID1/P01931_face4.jpg,F0180/MID3/P01928_face1.jpg
0,F0180/MID1/P01931_face4.jpg,F0161/MID1/P01720_face2.jpg
1,F0180/MID1/P01931_face4.jpg,F0180/MID3/P01926_face1.jpg
0,F0180/MID1/P01931_face4.jpg,F0882/MID5/P12356_face2.jpg
1,F0180/MID1/P01928_face3.jpg,F0180/MID3/P01927_face2.jpg
0,F0180/MID1/P01928_face3.jpg,F0741/MID2/P11399_face1.jpg
1,F0180/MID1/P01928_face3.jpg,F0180/MID3/P01931_face1.jpg
0,F0180/MID1/P01928_face3.jpg,F0006/MID1/P00069_face2.jpg
1,F0180/MID1/P01928_face3.jpg,F0180/MID3/P01933_face2.jpg
0,F0180/MID1/P01928_face3.jpg,F0270/MID4/P02883_face2.jpg
1,F0180/MID1/P01928_face3.jpg,F0180/MID3/P01925_face4.jpg
0,F0180/MID1/P01928_face3.jpg,F0427/MID6/P04491_face4.jpg
1,F0180/MID1/P01928_face3.jpg,F0180/MID3/P01930_face2.jpg
0,F0180/MID1/P01928_face3.jpg,F0135/MID2/P01415_face2.jpg
1,F0180/MID1/P01928_face3.jpg,F0180/MID3/P01932_face3.jpg
0,F0180/MID1/P01928_face3.jpg,F0153/MID2/P01639_face1.jpg
1,F0180/MID1/P01928_face3.jpg,F0180/MID3/P01929_face1.jpg
0,F0180/MID1/P01928_face3.jpg,F0145/MID2/P01553_face1.jpg
1,F0180/MID1/P01928_face3.jpg,F0180/MID3/P01924_face4.jpg
0,F0180/MID1/P01928_face3.jpg,F0784/MID3/P08276_face1.jpg
1,F0180/MID1/P01928_face3.jpg,F0180/MID3/P01928_face1.jpg
0,F0180/MID1/P01928_face3.jpg,F0013/MID10/P00140_face5.jpg
1,F0180/MID1/P01928_face3.jpg,F0180/MID3/P01926_face1.jpg
0,F0180/MID1/P01928_face3.jpg,F0694/MID1/P07229_face1.jpg
1,F0180/MID1/P01930_face4.jpg,F0180/MID3/P01927_face2.jpg
0,F0180/MID1/P01930_face4.jpg,F0156/MID5/P01671_face4.jpg
1,F0180/MID1/P01930_face4.jpg,F0180/MID3/P01931_face1.jpg
0,F0180/MID1/P01930_face4.jpg,F0238/MID6/P02524_face3.jpg
1,F0180/MID1/P01930_face4.jpg,F0180/MID3/P01933_face2.jpg
0,F0180/MID1/P01930_face4.jpg,F0493/MID1/P05209_face1.jpg
1,F0180/MID1/P01930_face4.jpg,F0180/MID3/P01925_face4.jpg
0,F0180/MID1/P01930_face4.jpg,F0863/MID1/P09124_face2.jpg
1,F0180/MID1/P01930_face4.jpg,F0180/MID3/P01930_face2.jpg
0,F0180/MID1/P01930_face4.jpg,F0146/MID7/P01558_face6.jpg
1,F0180/MID1/P01930_face4.jpg,F0180/MID3/P01932_face3.jpg
0,F0180/MID1/P01930_face4.jpg,F0656/MID4/P06889_face3.jpg
1,F0180/MID1/P01930_face4.jpg,F0180/MID3/P01929_face1.jpg
0,F0180/MID1/P01930_face4.jpg,F0988/MID9/P10416_face3.jpg
1,F0180/MID1/P01930_face4.jpg,F0180/MID3/P01924_face4.jpg
0,F0180/MID1/P01930_face4.jpg,F0327/MID7/P03466_face2.jpg
1,F0180/MID1/P01930_face4.jpg,F0180/MID3/P01928_face1.jpg
0,F0180/MID1/P01930_face4.jpg,F0583/MID3/P06132_face2.jpg
1,F0180/MID1/P01930_face4.jpg,F0180/MID3/P01926_face1.jpg
0,F0180/MID1/P01930_face4.jpg,F0898/MID3/P09479_face1.jpg
1,F0180/MID1/P01933_face4.jpg,F0180/MID3/P01927_face2.jpg
0,F0180/MID1/P01933_face4.jpg,F0038/MID3/P00403_face2.jpg
1,F0180/MID1/P01933_face4.jpg,F0180/MID3/P01931_face1.jpg
0,F0180/MID1/P01933_face4.jpg,F0615/MID3/P06457_face2.jpg
1,F0180/MID1/P01933_face4.jpg,F0180/MID3/P01933_face2.jpg
0,F0180/MID1/P01933_face4.jpg,F0292/MID5/P03110_face3.jpg
1,F0180/MID1/P01933_face4.jpg,F0180/MID3/P01925_face4.jpg
0,F0180/MID1/P01933_face4.jpg,F0900/MID1/P09506_face1.jpg
1,F0180/MID1/P01933_face4.jpg,F0180/MID3/P01930_face2.jpg
0,F0180/MID1/P01933_face4.jpg,F0641/MID3/P06725_face5.jpg
1,F0180/MID1/P01933_face4.jpg,F0180/MID3/P01932_face3.jpg
0,F0180/MID1/P01933_face4.jpg,F0021/MID1/P00212_face3.jpg
1,F0180/MID1/P01933_face4.jpg,F0180/MID3/P01929_face1.jpg
0,F0180/MID1/P01933_face4.jpg,F0992/MID11/P10456_face3.jpg
1,F0180/MID1/P01933_face4.jpg,F0180/MID3/P01924_face4.jpg
0,F0180/MID1/P01933_face4.jpg,F0944/MID3/P09947_face2.jpg
1,F0180/MID1/P01933_face4.jpg,F0180/MID3/P01928_face1.jpg
0,F0180/MID1/P01933_face4.jpg,F0037/MID9/P00391_face2.jpg
